2025-09-08 11:44:09,440 INFO 🚀 Мультиагентная система анализа акций запущена
2025-09-08 11:44:09,440 INFO 📱 Откройте http://localhost:8080 в браузере
2025-09-08 11:44:09,440 INFO System: 🤖 Система готова к работе! Задайте вопрос о вашем портфеле.
2025-09-08 11:44:12,733 INFO ::1 [08/Sep/2025:11:44:12 +0300] "GET / HTTP/1.1" 200 238 "-" "Mozilla/5.0 (Macintosh; Intel Mac OS X 10_15_7) AppleWebKit/537.36 (KHTML, like Gecko) Chrome/139.0.0.0 Safari/537.36"
2025-09-08 11:44:12,751 INFO ::1 [08/Sep/2025:11:44:12 +0300] "GET /static/css/style.css HTTP/1.1" 200 239 "http://localhost:8080/" "Mozilla/5.0 (Macintosh; Intel Mac OS X 10_15_7) AppleWebKit/537.36 (KHTML, like Gecko) Chrome/139.0.0.0 Safari/537.36"
2025-09-08 11:44:12,755 INFO ::1 [08/Sep/2025:11:44:12 +0300] "GET /static/js/app.js HTTP/1.1" 200 246 "http://localhost:8080/" "Mozilla/5.0 (Macintosh; Intel Mac OS X 10_15_7) AppleWebKit/537.36 (KHTML, like Gecko) Chrome/139.0.0.0 Safari/537.36"
2025-09-08 11:44:12,866 INFO ::1 [08/Sep/2025:11:44:12 +0300] "GET /favicon.ico HTTP/1.1" 404 175 "http://localhost:8080/" "Mozilla/5.0 (Macintosh; Intel Mac OS X 10_15_7) AppleWebKit/537.36 (KHTML, like Gecko) Chrome/139.0.0.0 Safari/537.36"
2025-09-08 11:44:36,479 INFO 📨 Получено сообщение: привет
2025-09-08 11:44:36,480 INFO 🤖 Обработка сообщения: привет
2025-09-08 11:44:36,486 INFO Router node
2025-09-08 11:44:37,155 INFO HTTP Request: POST https://foundation-models.api.cloud.ru/v1/chat/completions "HTTP/1.1 200 OK"
2025-09-08 11:44:37,167 INFO Router detected category: other
2025-09-08 11:44:37,170 INFO Other node
2025-09-08 11:44:39,097 INFO HTTP Request: POST https://foundation-models.api.cloud.ru/v1/chat/completions "HTTP/1.1 200 OK"
2025-09-08 11:44:39,102 INFO Bot: 
Привет! Я — твой дружелюбный финансовый ассистент. Могу помочь с анализом рынка, оценкой твоих акций и предложить идеи для улучшения инвестиционного портфеля. Рад помочь! 😊
2025-09-08 11:44:48,304 INFO 📨 Получено сообщение: какой у меня портфель?
2025-09-08 11:44:48,305 INFO 🤖 Обработка сообщения: какой у меня портфель?
2025-09-08 11:44:48,311 INFO Router node
2025-09-08 11:44:48,519 INFO HTTP Request: POST https://foundation-models.api.cloud.ru/v1/chat/completions "HTTP/1.1 200 OK"
2025-09-08 11:44:48,521 INFO Router detected category: fact
2025-09-08 11:44:48,523 INFO Fact node
2025-09-08 11:44:49,132 INFO HTTP Request: POST https://foundation-models.api.cloud.ru/v1/chat/completions "HTTP/1.1 200 OK"
2025-09-08 11:44:49,134 INFO Bot: 
Портфель пользователя: {}
2025-09-08 12:31:40,193 INFO 🚀 Мультиагентная система анализа акций запущена
2025-09-08 12:31:40,193 INFO 📱 Откройте http://localhost:8080 в браузере
2025-09-08 12:31:40,193 INFO System: 🤖 Система готова к работе! Задайте вопрос о вашем портфеле.
2025-09-08 12:31:43,429 INFO ::1 [08/Sep/2025:12:31:43 +0300] "GET / HTTP/1.1" 304 179 "-" "Mozilla/5.0 (Macintosh; Intel Mac OS X 10_15_7) AppleWebKit/537.36 (KHTML, like Gecko) Chrome/139.0.0.0 Safari/537.36"
2025-09-08 12:31:43,447 INFO ::1 [08/Sep/2025:12:31:43 +0300] "GET /static/js/app.js HTTP/1.1" 304 180 "http://localhost:8080/" "Mozilla/5.0 (Macintosh; Intel Mac OS X 10_15_7) AppleWebKit/537.36 (KHTML, like Gecko) Chrome/139.0.0.0 Safari/537.36"
2025-09-08 12:31:43,448 INFO ::1 [08/Sep/2025:12:31:43 +0300] "GET /static/css/style.css HTTP/1.1" 304 180 "http://localhost:8080/" "Mozilla/5.0 (Macintosh; Intel Mac OS X 10_15_7) AppleWebKit/537.36 (KHTML, like Gecko) Chrome/139.0.0.0 Safari/537.36"
2025-09-08 12:31:52,088 INFO 📨 Получено сообщение: какой у меня портфель
2025-09-08 12:31:52,088 INFO 🤖 Обработка сообщения: какой у меня портфель
2025-09-08 12:31:52,094 INFO Router node
2025-09-08 12:31:52,094 INFO Checking user and news data in router
2025-09-08 12:31:52,096 ERROR Ошибка обработки сообщения: <StageEnum.USER_DATA_NODE: 'user_data'>
2025-09-08 12:31:52,096 INFO Bot: ❌ Ошибка обработки: <StageEnum.USER_DATA_NODE: 'user_data'>
2025-09-08 12:32:39,102 INFO Получен сигнал завершения...
2025-09-08 12:32:39,104 INFO Завершение работы...
2025-09-08 12:32:41,895 INFO 🚀 Мультиагентная система анализа акций запущена
2025-09-08 12:32:41,896 INFO 📱 Откройте http://localhost:8080 в браузере
2025-09-08 12:32:41,896 INFO System: 🤖 Система готова к работе! Задайте вопрос о вашем портфеле.
2025-09-08 12:32:44,897 INFO ::1 [08/Sep/2025:12:32:44 +0300] "GET / HTTP/1.1" 304 179 "-" "Mozilla/5.0 (Macintosh; Intel Mac OS X 10_15_7) AppleWebKit/537.36 (KHTML, like Gecko) Chrome/139.0.0.0 Safari/537.36"
2025-09-08 12:32:52,390 INFO 📨 Получено сообщение: какой у меня портфель?
2025-09-08 12:32:52,391 INFO 🤖 Обработка сообщения: какой у меня портфель?
2025-09-08 12:32:52,398 INFO Router node
2025-09-08 12:32:52,398 INFO Checking user and news data in router
2025-09-08 12:32:52,399 INFO User data node
2025-09-08 12:32:52,401 INFO User data loaded
2025-09-08 12:32:52,402 INFO Router node
2025-09-08 12:32:52,402 INFO Checking user and news data in router
2025-09-08 12:32:52,403 INFO News data node
2025-09-08 12:32:52,403 INFO News data loaded
2025-09-08 12:32:52,404 INFO Router node
2025-09-08 12:32:52,404 INFO Checking user and news data in router
2025-09-08 12:32:53,392 INFO HTTP Request: POST https://foundation-models.api.cloud.ru/v1/chat/completions "HTTP/1.1 200 OK"
2025-09-08 12:32:53,403 INFO Router detected category: fact
2025-09-08 12:32:53,405 INFO Fact node
2025-09-08 12:33:02,090 INFO HTTP Request: POST https://foundation-models.api.cloud.ru/v1/chat/completions "HTTP/1.1 200 OK"
2025-09-08 12:33:02,093 INFO Bot: 
Ваш портфель состоит из следующих активов:

1. **SBER** (Финансы): 100 акций, средняя цена покупки 250.5 ₽, текущая цена 280.3 ₽.
2. **GAZP** (Энергетика): 50 акций, средняя цена покупки 180.2 ₽, текущая цена 165.8 ₽.
3. **LKOH** (Энергетика): 25 акций, средняя цена покупки 6500.0 ₽, текущая цена 7200.0 ₽.
4. **NVTK** (Энергетика): 15 акций, средняя цена покупки 1200.0 ₽, текущая цена 1350.0 ₽.
5. **YDEX** (Технологии): 10 акций, средняя цена покупки 4500.0 ₽, текущая цена 4200.0 ₽.
6. **SMLT** (Недвижимость): 10 акций, средняя цена покупки 1100.0 ₽, текущая цена 1204.0 ₽.
2025-09-08 12:34:13,100 INFO 📨 Получено сообщение: анализ портфеля
2025-09-08 12:34:13,101 INFO 🤖 Обработка сообщения: анализ портфеля
2025-09-08 12:34:13,107 INFO Router node
2025-09-08 12:34:13,107 INFO Checking user and news data in router
2025-09-08 12:34:13,108 INFO User data node
2025-09-08 12:34:13,109 INFO User data loaded
2025-09-08 12:34:13,109 INFO Router node
2025-09-08 12:34:13,109 INFO Checking user and news data in router
2025-09-08 12:34:13,110 INFO News data node
2025-09-08 12:34:13,111 INFO News data loaded
2025-09-08 12:34:13,111 INFO Router node
2025-09-08 12:34:13,112 INFO Checking user and news data in router
2025-09-08 12:34:13,670 INFO HTTP Request: POST https://foundation-models.api.cloud.ru/v1/chat/completions "HTTP/1.1 200 OK"
2025-09-08 12:34:13,673 INFO Router detected category: analysis
2025-09-08 12:34:13,674 INFO Discussion node
2025-09-08 12:34:13,674 INFO Checking user data
2025-09-08 12:34:13,674 INFO Checking news data
2025-09-08 12:34:13,674 INFO 🤖 Агенты начинают обсуждение портфеля...
2025-09-08 12:34:13,675 INFO : 
🏛️ НАЧИНАЕТСЯ СОВЕЩАНИЕ ИНВЕСТИЦИОННОГО КОМИТЕТА
2025-09-08 12:34:13,675 INFO : 📊 Анализируем 6 тикеров: GAZP, LKOH, NVTK, SBER, SMLT, YDEX
2025-09-08 12:34:13,675 INFO : 👥 Участники: Buffett, Trump, Dalio
2025-09-08 12:34:13,675 INFO : 
📈 ОБСУЖДЕНИЕ ТИКЕРА 1/6: SMLT
2025-09-08 12:34:13,676 INFO 💭 Buffett: анализирует SMLT...
2025-09-08 12:34:24,376 INFO HTTP Request: POST https://foundation-models.api.cloud.ru/v1/chat/completions "HTTP/1.1 200 OK"
2025-09-08 12:34:24,379 INFO 📝 Buffett говорит::    ДЕЙСТВИЕ: **ДЕРЖАТЬ**  
УВЕРЕННОСТЬ: **6**  
ОБОСНОВАНИЕ:  
Резкое падение акций SMLT с 4000 до 1000 рублей указывает на серьезные рыночные опасения, возможно связанные с ухудшением макроэкономической среды (рост ставок, снижение доступности ипотеки). Однако компания уже находится в портфеле ниже средней цены покупки (1100 руб.), что создает определенный запас прочности.  

Необходимо оценить:  
1. **Финансовая устойчивость**: Если долги невелики, а денежные потоки стабильны — падение может быть чрезмерным.  
2. **Перспективы отрасли**: ЖКХ/строительный сектор под давлением из-за ключевой ставки, но льготная ипотека ранее поддерживала спрос.  
3. **Менеджмент и стратегия**: Нужно понимать, как компания адаптируется к новым условиям.  

Пока нет четких сигналов к покупке (информация ограничена), но и паническая распродажа не оправдана — держать и ждать уточнения фундаментальных данных.
2025-09-08 12:34:24,380 INFO ✅ Buffett решает:: HOLD SMLT (уверенность: 6/10)
2025-09-08 12:34:24,380 INFO 💭 Trump: анализирует SMLT...
2025-09-08 12:34:32,923 INFO HTTP Request: POST https://foundation-models.api.cloud.ru/v1/chat/completions "HTTP/1.1 200 OK"
2025-09-08 12:34:32,925 INFO 📝 Trump говорит::    ДЕЙСТВИЕ: **ПРОДАТЬ**  
УВЕРЕННОСТЬ: **8**  
ОБОСНОВАНИЕ:  
Резкий обвал акций SMLT с 4000 до 1000 рублей указывает на серьёзные фундаментальные проблемы или потерю доверия инвесторов. Массовая распродажа бумаг — сигнал тревожный, особенно в условиях нестабильной геополитической обстановки и санкционного давления на российский рынок. Компания, судя по всему, зависит от льготной ипотеки, что делает её уязвимой к изменениям монетарной политики (повышение ставки ЦБ). При такой просадке и отсутствии явных позитивных факторов я бы не стал держать бумагу в портфеле — слишком высок риск дальнейшего падения. Лучше выйти с минимальными убытками и перенаправить капитал в более стабильные активы.
2025-09-08 12:34:32,926 INFO ✅ Trump решает:: SELL SMLT (уверенность: 8/10)
2025-09-08 12:34:32,926 INFO 💭 Dalio: анализирует SMLT...
2025-09-08 12:34:42,306 INFO HTTP Request: POST https://foundation-models.api.cloud.ru/v1/chat/completions "HTTP/1.1 200 OK"
2025-09-08 12:34:42,309 INFO 📝 Dalio говорит::    ДЕЙСТВИЕ: **ПРОДАТЬ**  
УВЕРЕННОСТЬ: **8**  

**ОБОСНОВАНИЕ:**  
SMLT столкнулась с резким падением цены акций (с 4000 до 1000 руб.), что указывает на серьезные фундаментальные или рыночные проблемы. Массовая распродажа бумаг свидетельствует о потере доверия инвесторов. Учитывая, что основной бизнес компании — продажа квартир по льготной ипотеке, повышение ключевой ставки ЦБ РФ негативно влияет на спрос в секторе недвижимости. Это структурный риск, который снижает перспективы роста в краткосрочной и среднесрочной перспективе.  

С точки зрения управления рисками (ключевой принцип Dalio) — держать позицию с высокой волатильностью и негативным фундаментальным фоном неэффективно. Лучше выйти и переоценить ситуацию позже, при наличии более четких сигналов стабилизации.  

Текущая средняя цена покупки (1100 руб.) почти совпадает с рыночной, что делает выход без значительного убытка возможным. Риск дальнейшего падения выше потенциала быстрого восстановления.
2025-09-08 12:34:42,310 INFO ✅ Dalio решает:: SELL SMLT (уверенность: 8/10)
2025-09-08 12:34:42,310 INFO : 
📈 ОБСУЖДЕНИЕ ТИКЕРА 2/6: NVTK
2025-09-08 12:34:42,310 INFO 💭 Buffett: анализирует NVTK...
2025-09-08 12:34:56,159 INFO HTTP Request: POST https://foundation-models.api.cloud.ru/v1/chat/completions "HTTP/1.1 200 OK"
2025-09-08 12:34:56,163 INFO 📝 Buffett говорит::    ДЕЙСТВИЕ: **ДЕРЖАТЬ**  
УВЕРЕННОСТЬ: **8**

**ОБОСНОВАНИЕ:**  
Новатэк — одна из самых эффективных и технологически продвинутых компаний в газовой отрасли России, с устойчивыми конкурентными преимуществами, включая доступ к ресурсной базе и низкую себестоимость добычи. Запуск новой линии СПГ подтверждает операционную дисциплину и способность наращивать объемы производства, что положительно скажется на денежных потоках в долгосрочной перспективе.

Однако текущая рыночная стоимость и высокая волатильность сектора требуют осторожности. Отрасль зависит от внешнеполитической ситуации и цен на энергоносители, что повышает риски. Учитывая уже имеющуюся позицию и хорошие фундаментальные показатели компании, разумнее удерживать акции и наблюдать за дальнейшим развитием событий.
2025-09-08 12:34:56,163 INFO ✅ Buffett решает:: HOLD NVTK (уверенность: 8/10)
2025-09-08 12:34:56,164 INFO 💭 Trump: анализирует NVTK...
2025-09-08 12:35:03,407 INFO HTTP Request: POST https://foundation-models.api.cloud.ru/v1/chat/completions "HTTP/1.1 200 OK"
2025-09-08 12:35:03,411 INFO 📝 Trump говорит::    ДЕЙСТВИЕ: **ДЕРЖАТЬ**  
УВЕРЕННОСТЬ: **7**

**ОБОСНОВАНИЕ:**  
Новатэк — один из сильнейших игроков в газовой отрасли, с доминирующей позицией на внутреннем рынке и значительным экспортным потенциалом. Запуск новой линии СПГ подтверждает операционную дисциплину и способность наращивать мощности, что положительно влияет на долгосрочные перспективы. Однако:

- **Геополитические риски** и санкционное давление ограничивают доступ к международным рынкам и технологиям.
- **Зависимость от экспорта** и курса рубля создает волатильность.
- **Государственное влияние** в лице политики углеводородного сектора может повлиять на рентабельность.

При текущих условиях — **держать**, но новых покупок не рекомендовать до снижения внешних рисков.
2025-09-08 12:35:03,411 INFO ✅ Trump решает:: HOLD NVTK (уверенность: 7/10)
2025-09-08 12:35:03,412 INFO 💭 Dalio: анализирует NVTK...
2025-09-08 12:35:11,338 INFO HTTP Request: POST https://foundation-models.api.cloud.ru/v1/chat/completions "HTTP/1.1 200 OK"
2025-09-08 12:35:11,340 INFO 📝 Dalio говорит::    **ДЕЙСТВИЕ:** ДЕРЖАТЬ  
**УВЕРЕННОСТЬ:** 7  

**ОБОСНОВАНИЕ:**  
Новатэк — ключевой игрок в секторе СПГ с сильной экспортной ориентацией. Запуск новой линии Ямал СПГ подтверждает операционную дисциплину и способность наращивать мощности, что положительно влияет на долгосрочные перспективы. Однако текущая оценка учитывает значительную часть этих ожиданий.  

Риски:  
- Высокая зависимость от курса рубля и экспортных цен на газ  
- Геополитическая неопределенность ограничивает upside для западных рынков  
- Возможная волатильность из-за санкционного давления  

Плюсы:  
- Диверсификация поставок (в том числе через Северный морской маршрут)  
- Низкие операционные издержки  
- Устойчивый спрос на СПГ в Азии  

При наличии позиции — удержание обосновано. Агрессивное расширение можно рассматривать только при снижении концентрации риска и улучшении макроусловий.
2025-09-08 12:35:11,340 INFO ✅ Dalio решает:: HOLD NVTK (уверенность: 7/10)
2025-09-08 12:35:11,341 INFO : 
📈 ОБСУЖДЕНИЕ ТИКЕРА 3/6: LKOH
2025-09-08 12:35:11,341 INFO 💭 Buffett: анализирует LKOH...
2025-09-08 12:35:22,574 INFO HTTP Request: POST https://foundation-models.api.cloud.ru/v1/chat/completions "HTTP/1.1 200 OK"
2025-09-08 12:35:22,578 INFO 📝 Buffett говорит::    ДЕЙСТВИЕ: **ДЕРЖАТЬ**  
УВЕРЕННОСТЬ: **8**

**ОБОСНОВАНИЕ:**  
Лукойл — одна из наиболее эффективных и дисциплинированных нефтяных компаний в России с высокой рентабельностью (ROE ~20%), низким уровнем долга и стабильной дивидендной политикой. Компания генерирует значительный свободный денежный поток, что делает её привлекательной в рамках стоимости капитала.

Инвестиции в возобновляемую энергетику говорят о стратегической адаптации к будущим трендам, однако объем вложений (~50 млрд руб. до 2030) пока относительно скромен по сравнению с основным бизнесом. Это можно рассматривать как позитивный, но не определяющий фактор.

Снижение цен на нефть на 3% — краткосрочный рыночный шум, который не должен кардинально влиять на долгосрочную инвестиционную привлекательность. Лукойл демонстрировал устойчивость даже при более низких ценах на нефть в прошлом.

При текущей цене акции и вашей средней (~6500 руб.) компания торгуется с разумной доходностью, особенно с учетом дивидендов. Переоценки нет, но и значительного недооцененного потенциала тоже не видно.

Поэтому — **держать**, но новых покупок сейчас не требуется.
2025-09-08 12:35:22,579 INFO ✅ Buffett решает:: HOLD LKOH (уверенность: 8/10)
2025-09-08 12:35:22,579 INFO 💭 Trump: анализирует LKOH...
2025-09-08 12:35:28,548 INFO HTTP Request: POST https://foundation-models.api.cloud.ru/v1/chat/completions "HTTP/1.1 200 OK"
2025-09-08 12:35:28,549 INFO 📝 Trump говорит::    ДЕЙСТВИЕ: ДЕРЖАТЬ  
УВЕРЕННОСТЬ: 7  

ОБОСНОВАНИЕ:  
Лукойл — сильный бренд с доминирующей позицией на рынке. Компания показывает адаптацию к трендам, инвестируя в возобновляемую энергетику, что снижает долгосрочные риски. Однако краткосрочная перспектива давится падением цен на нефть и санкционными рисками. Валютные и геополитические риски остаются высокими, но экспортные возможности и вертикальная интеграция поддерживают стабильность. При текущих условиях — держать, но не усреднять позицию.
2025-09-08 12:35:28,550 INFO ✅ Trump решает:: HOLD LKOH (уверенность: 7/10)
2025-09-08 12:35:28,550 INFO 💭 Dalio: анализирует LKOH...
2025-09-08 12:35:38,972 INFO HTTP Request: POST https://foundation-models.api.cloud.ru/v1/chat/completions "HTTP/1.1 200 OK"
2025-09-08 12:35:38,976 INFO 📝 Dalio говорит::    ДЕЙСТВИЕ: **ДЕРЖАТЬ**  
УВЕРЕННОСТЬ: **7/10**  

**ОБОСНОВАНИЕ:**  
LKOH — одна из ключевых позиций в российском энергетическом секторе с высокой корреляцией к ценам на нефть. Текущее снижение цен на нефть негативно влияет на краткосрочную перспективу, однако структурный переход компании в сторону возобновляемой энергетики (инвестиции 50 млрд руб. до 2030 г.) демонстрирует адаптацию к долгосрочным трендам ESG и диверсификацию бизнеса.  

Макроэкономический фон неоднозначен: умеренная инфляция, высокие ключевые ставки и слабый рубль поддерживают доходность активов в рублях, но давят на внешние финансовые условия.  

Позиция в портфеле приобретена по 6500 руб., что указывает на среднесрочную инвестиционную ориентацию. При текущих условиях преждевременно увеличивать или сокращать позицию — целесообразнее сохранить её для наблюдения за динамикой цен на нефть и деталями реализации ESG-стратегии.  

Риск: волатильность нефтяного рынка и возможные санкционные ограничения.  
Перспектива: диверсификация и устойчивость бизнес-модели могут поддержать премию за устойчивость в будущем.
2025-09-08 12:35:38,978 INFO ✅ Dalio решает:: HOLD LKOH (уверенность: 7/10)
2025-09-08 12:35:38,978 INFO : 
📈 ОБСУЖДЕНИЕ ТИКЕРА 4/6: GAZP
2025-09-08 12:35:38,978 INFO 💭 Buffett: анализирует GAZP...
2025-09-08 12:35:45,835 INFO HTTP Request: POST https://foundation-models.api.cloud.ru/v1/chat/completions "HTTP/1.1 200 OK"
2025-09-08 12:35:45,838 INFO 📝 Buffett говорит::    **ДЕЙСТВИЕ:** ДЕРЖАТЬ  
**УВЕРЕННОСТЬ:** 7  

**ОБОСНОВАНИЕ:**  
Газпром остается ключевым игроком в энергетическом секторе с устойчивой бизнес-моделью и значительными барьерами для входа. Расширение экспорта в Китай — позитивный фактор, диверсифицирующий рынки сбыта и снижающий зависимость от Европы. Однако риск дальнейшего сокращения поставок в ЕС создает неопределенность.  

Финансовые показатели стабильны, дивидендная политика привлекательна для инвесторов, ориентированных на доход. Тем не менее, geopolitical risks и регуляторные огранишения ограничивают upside.  

При текущей цене и вашей позиции (средняя 180.2 руб.), акции обеспечивают разумную долю в портфеле как defensive energy play. Продажа не оправдана, но и активное наращивание рисковано из-за внешних факторов. Лучше держать и наблюдать за развитием событий.
2025-09-08 12:35:45,839 INFO ✅ Buffett решает:: HOLD GAZP (уверенность: 7/10)
2025-09-08 12:35:45,840 INFO 💭 Trump: анализирует GAZP...
2025-09-08 12:35:55,252 INFO HTTP Request: POST https://foundation-models.api.cloud.ru/v1/chat/completions "HTTP/1.1 200 OK"
2025-09-08 12:35:55,253 INFO 📝 Trump говорит::    ДЕЙСТВИЕ: **ДЕРЖАТЬ**  
УВЕРЕННОСТЬ: **7**

ОБОСНОВАНИЕ:  
GAZP — это классический голубой флагман с доминирующей позицией в энергетическом секторе России. Компания обладает огромными запасами, развитой инфраструктурой и ключевой ролью в экспорте газа. Расширение поставок в Китай — это плюс, особенно в условиях оттока из Европы. Однако санкции, валютные риски и геополитическая нестабильность ограничивают upside для иностранных инвесторов.  

Риск двойного удара — потеря европейского рынка + давление со стороны государства — остаются. Но как монополист в своей нише, Газпром остается стабильной инвестицией в условиях внутренней ликвидности и внешнего спроса из Азии.  

При текущих условиях: **держать**, но новых покупок не рекомендую. Если будет прорыв по международным отношениям или снятие санкционного давления — тогда можно рассматривать усиление позиции.
2025-09-08 12:35:55,254 INFO ✅ Trump решает:: HOLD GAZP (уверенность: 7/10)
2025-09-08 12:35:55,254 INFO 💭 Dalio: анализирует GAZP...
2025-09-08 12:36:07,306 INFO HTTP Request: POST https://foundation-models.api.cloud.ru/v1/chat/completions "HTTP/1.1 200 OK"
2025-09-08 12:36:07,308 INFO 📝 Dalio говорит::    **ДЕЙСТВИЕ:** ДЕРЖАТЬ  
**УВЕРЕННОСТЬ:** 7  

**ОБОСНОВАНИЕ:**  
GAZP находится в структурном переходе: снижение экспортных доходов из Европы компенсируется ростом поставок в Азию (Китай). Это частично диверсифицирует риски, но не устраняет их полностью. Макроэкономическая среда остается сложной: санкции, ограничения на доступ к капиталу, слабый рубль и высокая волатильность энергорынков.  

С точки зрения цикличности — газ является defensive активом в рамках российской экономики, но глобальный тренд указывает на декарбонизацию и снижение спроса в долгосрочной перспективе.  

Текущая позиция (50 акций, средняя цена 180.2 руб.) имеет смысл удерживать как часть диверсифицированного портфеля с учетом хеджирования валютных и секторальных рисков. Однако активный рост маловероятен без значительного изменения внешнеполитической или санкционной среды.
2025-09-08 12:36:07,308 INFO ✅ Dalio решает:: HOLD GAZP (уверенность: 7/10)
2025-09-08 12:36:07,308 INFO : 
📈 ОБСУЖДЕНИЕ ТИКЕРА 5/6: YDEX
2025-09-08 12:36:07,308 INFO 💭 Buffett: анализирует YDEX...
2025-09-08 12:36:20,135 INFO HTTP Request: POST https://foundation-models.api.cloud.ru/v1/chat/completions "HTTP/1.1 200 OK"
2025-09-08 12:36:20,140 INFO 📝 Buffett говорит::    ДЕЙСТВИЕ: **ДЕРЖАТЬ**  
УВЕРЕННОСТЬ: **7**

**ОБОСНОВАНИЕ:**  
Yandex (YDEX) — компания с сильной бизнес-моделью в цифровой экосистеме, с устойчивым маркетинговым и технологическим присутствием в России. Инвестиции в ИИ (30 млрд руб.) указывают на стратегическую направленность на будущее и усиление конкурентных преимуществ. Однако риски связаны с нестабильной макросредой и возможным ужесточением регулирования в IT-секторе, что может ограничить рост прибыли или привести к дополнительным затратам.

Финансовые показатели ранее были устойчивыми, но из-за внешних факторов (санкции, отток рекламодателей) наблюдалась волатильность. При текущей цене и средней покупки 4500 руб. есть риск временной просадки, однако бизнес остается прибыльным, с хорошей долей рынка в ключевых сегментах.

Не вижу оснований ни для активных покупок (из-за неопределенности), ни для продажи (компания недооценивается, потенциал есть). Лучше держать и ждать улучшения прозрачности и стабилизации условий.
2025-09-08 12:36:20,142 INFO ✅ Buffett решает:: HOLD YDEX (уверенность: 7/10)
2025-09-08 12:36:20,142 INFO 💭 Trump: анализирует YDEX...
2025-09-08 12:36:26,634 INFO HTTP Request: POST https://foundation-models.api.cloud.ru/v1/chat/completions "HTTP/1.1 200 OK"
2025-09-08 12:36:26,636 INFO 📝 Trump говорит::    ДЕЙСТВИЕ: ДЕРЖАТЬ  
УВЕРЕННОСТЬ: 6  
ОБОСНОВАНИЕ: Яндекс — сильный российский технологический бренд с доминирующей позицией в поиске и онлайн-сервисах. Инвестиции в ИИ (30 млрд руб.) демонстрируют стратегическую направленность на будущее и технологическое лидерство. Однако растущее регулирование IT-сектора со стороны государства создает значительную неопределенность. Санкции и валютные риски также остаются ключевыми препятствиями для роста. При текущем портфеле и средней цене 4500 руб. — преждевременно продавать, но и активно докупать не стоит без улучшения внешнеполитической и регуляторной обстановки.
2025-09-08 12:36:26,636 INFO ✅ Trump решает:: HOLD YDEX (уверенность: 6/10)
2025-09-08 12:36:26,637 INFO 💭 Dalio: анализирует YDEX...
2025-09-08 12:36:38,466 INFO HTTP Request: POST https://foundation-models.api.cloud.ru/v1/chat/completions "HTTP/1.1 200 OK"
2025-09-08 12:36:38,468 INFO 📝 Dalio говорит::    ДЕЙСТВИЕ: **ДЕРЖАТЬ**  
УВЕРЕННОСТЬ: **7**

**ОБОСНОВАНИЕ:**  
YDEX (Яндекс) — компания с сильной экспозцией к внутреннему рынку России, что несёт значительные макро-, валютные и политические риски. Инвестиции в ИИ (30 млрд руб.) указывают на стратегическую перспективу, но срок окупаемости и эффект от этих вложений пока неочевидны. Ужесточение регулирования в IT-секторе добавляет давления на маржу и потенциал роста.

С точки зрения цикличности: российская экономика находится в состоянии стагнации с высокой инфляцией и ключевой ставкой на уровне 7.5%. Это ограничивает мультипликаторный рост IT-активов. Курс рубля остаётся волатильным, что усиливает валютный риск для международных инвесторов.

Корреляция YDEX с индексом IMOEX высока, диверсификационная польза низкая. В условиях нестабильности лучше избегать увеличения позиции, но при текущей цене (~4500 руб.) и наличии уже купленных акций — продавать нет смысла, если нет более привлекательных альтернатив.

Риск-менеджмент требует мониторинга: если курс рубля резко ослабнет или появятся жёсткие ограничения на вывод капитала/данных, позицию стоит пересмотреть в сторону уменьшения.
2025-09-08 12:36:38,469 INFO ✅ Dalio решает:: HOLD YDEX (уверенность: 7/10)
2025-09-08 12:36:38,469 INFO : 
📈 ОБСУЖДЕНИЕ ТИКЕРА 6/6: SBER
2025-09-08 12:36:38,469 INFO 💭 Buffett: анализирует SBER...
2025-09-08 12:36:49,246 INFO HTTP Request: POST https://foundation-models.api.cloud.ru/v1/chat/completions "HTTP/1.1 200 OK"
2025-09-08 12:36:49,248 INFO 📝 Buffett говорит::    ДЕЙСТВИЕ: **ДЕРЖАТЬ**  
УВЕРЕННОСТЬ: **8**

**ОБОСНОВАНИЕ:**  
Сбербанк — системообразующий игрок с устойчивым рыночным доминированием, высокими барьерами для конкуренции и регулярной дивидендной политикой. Рост прибыли на 15% демонстрирует эффективность управления и улучшение кредитного качества.  

Однако повышение ключевой ставки ЦБ до 16% создает давление на спрос на кредиты и может замедлить рост кредитного портфеля. Тем не менее, Сбер лучше других капитализирует высокую ставку за счет spreads и контроля над издержками.  

Финансовые показатели остаются здоровыми: низкий уровень просроченной задолженности, умеренный капитал, хорошая рентабельность собственного капитала (ROE ~15–17%).  

Макроэкономическая неопределенность и волатильность рынка снижают привлекательность к активному увеличению позиции, но текущая позиция выгодна — средняя цена 250.5 против текущей рыночной (~300+).  

При долгосрочном горизонте и понимании бизнеса — держать.
2025-09-08 12:36:49,249 INFO ✅ Buffett решает:: HOLD SBER (уверенность: 8/10)
2025-09-08 12:36:49,249 INFO 💭 Trump: анализирует SBER...
2025-09-08 12:36:55,464 INFO HTTP Request: POST https://foundation-models.api.cloud.ru/v1/chat/completions "HTTP/1.1 200 OK"
2025-09-08 12:36:55,465 INFO 📝 Trump говорит::    ДЕЙСТВИЕ: **ДЕРЖАТЬ**  
УВЕРЕННОСТЬ: **7**

ОБОСНОВАНИЕ:  
Сбер — это сильный бренд и системообразующий банк России с доминирующей долей рынка. Рост прибыли на 15% демонстрирует устойчивость бизнеса даже в сложной макроэкономической среде. Однако высокая ключевая ставка (16%) сигнализирует о жесткой денежно-кредитной политике, что давит на спрос на кредиты и может ограничить дальнейший рост доходности.  

Геополитические риски и санкции остаются ключевыми минусами — экспорт капитала затруднен, доступ к международным рынкам ограничен. Тем не менее, внутренняя стабильность и поддержка со стороны государства позволяют банку функционировать эффективно.  

При текущих условиях — **держать**, но новых покупок не рекомендую, пока не прояснится внешнеполитическая обстановка и не снизятся валютные/санкционные риски.
2025-09-08 12:36:55,465 INFO ✅ Trump решает:: HOLD SBER (уверенность: 7/10)
2025-09-08 12:36:55,466 INFO 💭 Dalio: анализирует SBER...
2025-09-08 12:37:05,602 INFO HTTP Request: POST https://foundation-models.api.cloud.ru/v1/chat/completions "HTTP/1.1 200 OK"
2025-09-08 12:37:05,604 INFO 📝 Dalio говорит::    **ДЕЙСТВИЕ:** ДЕРЖАТЬ  
**УВЕРЕННОСТЬ:** 7  

**ОБОСНОВАНИЕ:**  
Сбербанк остаётся системообразующим игроком в российской финансовой системе с высокой долей рынка и стабильной клиентской базой. Рост прибыли на 15% демонстрирует устойчивость бизнеса несмотря на сложную макрообстановку. Однако ключевая ставка ЦБ на уровне 16% ограничивает возможности для расширения кредитования и давит на спреды, что сдерживает потенциал роста стоимости капитала.

Высокие ставки также увеличивают кредитные риски для заемщиков, что может повлиять на качество активов в будущем. Тем не менее, Сбер имеет достаточный капитал и ликвидность для прохождения текущего tightenings цикла.

В условиях высокой волатильности, валютных ограничений и ограниченной корреляции с глобальными рынками — Сбер представляет собой "дефensive play" внутри локального рынка, но без дополнительных сигналов для усреднения или выхода.

При текущей позиции (средняя 250.5 руб.) акция находится в пределах разумной оценки с учётом дивидендной доходности (~8–10%+ по текущим выплатам), что делает её подходящей для удержания как якорного актива в портфеле.
2025-09-08 12:37:05,606 INFO ✅ Dalio решает:: HOLD SBER (уверенность: 7/10)
2025-09-08 12:37:05,606 INFO : 
🎯 СОВЕЩАНИЕ ЗАВЕРШЕНО
2025-09-08 12:37:05,606 INFO : 📋 Получено 18 мнений от агентов
2025-09-08 12:37:05,606 INFO 🔄 АГРЕГАЦИЯ РЕШЕНИЙ АГЕНТОВ
2025-09-08 12:37:05,607 INFO ----------------------------------------
2025-09-08 12:37:05,607 INFO ✅ Получено 18 мнений от агентов
2025-09-08 12:37:05,607 INFO 📊 Агрегировано 6 решений
2025-09-08 12:37:05,607 INFO 📋 SMLT: SELL (уверенность: 7.3, консенсус: 0.7)
2025-09-08 12:37:05,607 INFO 📋 NVTK: HOLD (уверенность: 7.3, консенсус: 1.0)
2025-09-08 12:37:05,607 INFO 📋 LKOH: HOLD (уверенность: 7.3, консенсус: 1.0)
2025-09-08 12:37:05,607 INFO 📋 GAZP: HOLD (уверенность: 7.0, консенсус: 1.0)
2025-09-08 12:37:05,607 INFO 📋 YDEX: HOLD (уверенность: 6.7, консенсус: 1.0)
2025-09-08 12:37:05,607 INFO 📋 SBER: HOLD (уверенность: 7.3, консенсус: 1.0)
2025-09-08 12:37:05,611 INFO Risk node
2025-09-08 12:37:05,611 INFO ⚠️ Риск-менеджер оценивает риски...
2025-09-08 12:37:18,421 INFO HTTP Request: POST https://foundation-models.api.cloud.ru/v1/chat/completions "HTTP/1.1 200 OK"
2025-09-08 12:37:54,038 INFO HTTP Request: POST https://foundation-models.api.cloud.ru/v1/chat/completions "HTTP/1.1 200 OK"
2025-09-08 12:38:07,419 INFO HTTP Request: POST https://foundation-models.api.cloud.ru/v1/chat/completions "HTTP/1.1 200 OK"
2025-09-08 12:38:47,797 INFO HTTP Request: POST https://foundation-models.api.cloud.ru/v1/chat/completions "HTTP/1.1 200 OK"
2025-09-08 12:39:13,597 INFO HTTP Request: POST https://foundation-models.api.cloud.ru/v1/chat/completions "HTTP/1.1 200 OK"
2025-09-08 12:39:25,631 INFO HTTP Request: POST https://foundation-models.api.cloud.ru/v1/chat/completions "HTTP/1.1 200 OK"
2025-09-08 12:39:25,634 INFO ✅ Оценены риски для 6 позиций
2025-09-08 12:39:25,634 INFO ⚠️ SMLT: уровень риска 5/10
2025-09-08 12:39:25,634 INFO ⚠️ NVTK: уровень риска 5/10
2025-09-08 12:39:25,634 INFO ⚠️ LKOH: уровень риска 5/10
2025-09-08 12:39:25,634 INFO ⚠️ GAZP: уровень риска 8/10
2025-09-08 12:39:25,634 INFO ⚠️ YDEX: уровень риска 5/10
2025-09-08 12:39:25,634 INFO ⚠️ SBER: уровень риска 5/10
2025-09-08 12:39:25,636 INFO Finalizer node
2025-09-08 12:39:25,636 INFO 📋 Формирование итоговых рекомендаций...
2025-09-08 12:39:51,186 INFO HTTP Request: POST https://foundation-models.api.cloud.ru/v1/chat/completions "HTTP/1.1 200 OK"
2025-09-08 12:39:51,188 INFO ✅ Итоговые рекомендации сформированы
2025-09-08 12:39:51,201 INFO Bot: 
На основе предоставленного анализа текущего портфеля, мнений агентов-инвесторов и оценки рисков, я сформировал следующие **четкие рекомендации** по управлению инвестиционным портфелем клиента:

---

## 🔹 1. **Какие акции купить и в каком объеме**

| Акция | Рекомендуемый объем | Причина |
|-------|--------------------|---------|
| — | — | На данный момент покупка новых позиций не рекомендуется из-за отсутствия явных сигналов BUY среди имеющихся активов и высокого уровня риска в секторах. |

✅ **Рекомендация**:  
> В текущих условиях **покупка новых активов не требуется**. Средства можно временно держать в кэше или рассмотреть покупку высококачественных бумаг при снижении их рыночной стоимости и улучшении фундаментальных показателей.

---

## 🔹 2. **Какие акции продать**

| Акция | Количество | Причина |
|-------|------------|--------|
| **SMLT** | 10 шт. | Консенсус агентов: **SELL**, уверенность высокая (7.3), риск средний (5/10). Компания сталкивается с проблемами в развитии бизнеса и низкой маржой. |

✅ **Рекомендация**:  
> Продать полностью позицию по **SMLT** для высвобождения капитала и снижения риска портфеля.

---

## 🔹 3. **Какие акции держать**

| Акция | Количество | Причина |
|-------|------------|--------|
| **SBER** | 100 шт. | Консенсус: HOLD, стабильная дивидендная политика, лидер банковского сектора, умеренный риск (5/10). |
| **GAZP** | 50 шт. | HOLD, ключевой актив энергетического сектора, но

👥 **Мнения агентов:** 18 мнений получено

📊 **Агрегированные решения:** 6 решений

⚠️ **Оценка рисков:** 6 оценок

💡 **Итоговые рекомендации:**
На основе предоставленного анализа текущего портфеля, мнений агентов-инвесторов и оценки рисков, я сформировал следующие **четкие рекомендации** по управлению инвестиционным портфелем клиента:

---

## 🔹 1. **Какие акции купить и в каком объеме**

| Акция | Рекомендуемый объем | Причина |
|-------|--------------------|---------|
| — | — | На данный момент покупка новых позиций не рекомендуется из-за отсутствия явных сигналов BUY среди имеющихся активов и высокого уровня риска в секторах. |

✅ **Рекомендация**:  
> В текущих условиях **покупка новых активов не требуется**. Средства можно временно держать в кэше или рассмотреть покупку высококачественных бумаг при снижении их рыночной стоимости и улучшении фундаментальных показателей.

---

## 🔹 2. **Какие акции продать**

| Акция | Количество | Причина |
|-------|------------|--------|
| **SMLT** | 10 шт. | Консенсус агентов: **SELL**, уверенность высокая (7.3), риск средний (5/10). Компания сталкивается с проблемами в развитии бизнеса и низкой маржой. |

✅ **Рекомендация**:  
> Продать полностью позицию по **SMLT** для высвобождения капитала и снижения риска портфеля.

---

## 🔹 3. **Какие акции держать**

| Акция | Количество | Причина |
|-------|------------|--------|
| **SBER** | 100 шт. | Консенсус: HOLD, стабильная дивидендная политика, лидер банковского сектора, умеренный риск (5/10). |
| **GAZP** | 50 шт. | HOLD, ключевой актив энергетического сектора, но
2025-09-08 12:49:58,192 INFO 📨 Получено сообщение: давай бэктест
2025-09-08 12:49:58,195 INFO 🤖 Обработка сообщения: давай бэктест
2025-09-08 12:49:58,199 INFO Router node
2025-09-08 12:49:58,199 INFO Checking user and news data in router
2025-09-08 12:49:58,200 INFO User data node
2025-09-08 12:49:58,201 INFO User data loaded
2025-09-08 12:49:58,202 INFO Router node
2025-09-08 12:49:58,202 INFO Checking user and news data in router
2025-09-08 12:49:58,203 INFO News data node
2025-09-08 12:49:58,204 INFO News data loaded
2025-09-08 12:49:58,205 INFO Router node
2025-09-08 12:49:58,205 INFO Checking user and news data in router
2025-09-08 12:49:58,661 INFO HTTP Request: POST https://foundation-models.api.cloud.ru/v1/chat/completions "HTTP/1.1 200 OK"
2025-09-08 12:49:58,663 INFO Router detected category: backtest
2025-09-08 12:49:58,665 INFO Запускаем бэктест
2025-09-08 12:49:58,666 INFO 🚀 Запуск бэктеста с 2025-09-05 по 2025-09-08 (3 дней)
2025-09-08 12:49:58,666 INFO 📊 Анализируем 6 тикеров: SBER, GAZP, LKOH, NVTK, YDEX, SMLT
2025-09-08 12:49:59,823 INFO 📅 Обрабатываем день: 2025-09-05
2025-09-08 12:49:59,823 INFO Получаем решения агентов для 2025-09-05
2025-09-08 12:49:59,823 INFO 🤖 Агенты обсуждают портфель на 2025-09-05
2025-09-08 12:49:59,823 INFO : 
🏛️ НАЧИНАЕТСЯ СОВЕЩАНИЕ ИНВЕСТИЦИОННОГО КОМИТЕТА
2025-09-08 12:49:59,824 INFO : 📊 Анализируем 6 тикеров: GAZP, LKOH, NVTK, SBER, SMLT, YDEX
2025-09-08 12:49:59,824 INFO : 👥 Участники: Buffett, Trump, Dalio
2025-09-08 12:49:59,824 INFO : 
📈 ОБСУЖДЕНИЕ ТИКЕРА 1/6: SMLT
2025-09-08 12:49:59,824 INFO 💭 Buffett: анализирует SMLT...
2025-09-08 12:50:14,021 INFO HTTP Request: POST https://foundation-models.api.cloud.ru/v1/chat/completions "HTTP/1.1 200 OK"
2025-09-08 12:50:14,023 INFO 📝 Buffett говорит::    ДЕЙСТВИЕ: **ДЕРЖАТЬ**  
УВЕРЕННОСТЬ: **6**  
ОБОСНОВАНИЕ:  

SMLT — компания из строительной отрасли, которая оказалась под давлением из-за изменения условий ипотечного кредитования и общего спада в сегменте недвижимости. Резкое падение цены акции с 4000 до 1000 рублей свидетельствует о серьезных рыночных опасениях, но также может указывать на чрезмерную реакцию инвесторов.

Фундаментальный анализ требует оценки:
- **Финансовой устойчивости**: уровень долга, ликвидность, прибыльность проектов.
- **Долгосрочных перспектив отрасли**: снижение доступности ипотеки может существенно ограничить спрос на новостройки.
- **Качества управления**: способность адаптироваться к новым экономическим реалиям.

На текущий момент у компании есть активы, но неясна степень устойчивости бизнес-модели в новых условиях. Средняя цена покупки в портфеле (1100 руб.) близка к текущей рыночной (~1000 руб.), что снижает риск убытка, но и не дает заметного запаса прочности.

Пока нет четких сигналов к увеличению позиции (информация о недооценке и устойчивом кэше), но и паническая распродажа не выглядит обоснованной без более глубокого понимания стоимости активов и перспектив. Поэтому — **держать**, с возможностью пересмотра при появлении новых данных.
2025-09-08 12:50:14,023 INFO ✅ Buffett решает:: HOLD SMLT (уверенность: 6/10)
2025-09-08 12:50:14,023 INFO 💭 Trump: анализирует SMLT...
2025-09-08 12:50:26,690 INFO HTTP Request: POST https://foundation-models.api.cloud.ru/v1/chat/completions "HTTP/1.1 200 OK"
2025-09-08 12:50:26,692 INFO 📝 Trump говорит::    ДЕЙСТВИЕ: **ПРОДАТЬ**  
УВЕРЕННОСТЬ: **8**  
ОБОСНОВАНИЕ:  
Резкий обвал акций SMLT с 4000 до 1000 рублей указывает на серьёзные фундаментальные проблемы или потерю доверия инвесторов. Массовая распродажа бумаг — сигнал негативных ожиданий. Компания, судя по всему, зависит от ипотечного спроса, который значительно ослаб из-за повышения ключевой ставки ЦБ — это напрямую бьёт по прибыли.  

Для меня, как для инвестора, ориентированного на стабильность и предсказуемость (особенно в условиях высокой волатильности), такая ситуация выглядит как красная метка. Даже наличие позиции ниже рынка (средняя цена 1100 руб.) не компенсирует рисков дальнейшего падения.  

Геополитические риски, слабая макроэкономическая среда и неясные перспективы делают эту позицию опасной. Лучше выйти и сохранить капитал для более надёжных возможностей.
2025-09-08 12:50:26,693 INFO ✅ Trump решает:: SELL SMLT (уверенность: 8/10)
2025-09-08 12:50:26,693 INFO 💭 Dalio: анализирует SMLT...
2025-09-08 12:50:39,770 INFO HTTP Request: POST https://foundation-models.api.cloud.ru/v1/chat/completions "HTTP/1.1 200 OK"
2025-09-08 12:50:39,773 INFO 📝 Dalio говорит::    ДЕЙСТВИЕ: **ПРОДАТЬ**  
УВЕРЕННОСТЬ: **8**  
ОБОСНОВАНИЕ:  
Резкий обвал акций SMLT с 4000 до 1000 руб. указывает на серьезные фундаментальные проблемы или потерю доверия инвесторов. Массовая распродажа акций говорит о негативном рыночном сценарии, подтверждённом слабой макроэкономической средой — снижение доступности ипотеки из-за повышения ключевой ставки ЦБ РФ существенно ударяет по сектору недвижимости, в котором operates SMLT.  

Компания, ориентированная на жилую недвижимость, сталкивается с падением спроса, что усиливает давление на выручку и маржинальность. Нет признаков восстановления рынка или положительных новостей, способных изменить текущую траекторию.  

При средней цене покупки 1100 руб. и текущей цене ~1000 руб. потери минимальны, но риск дальнейшего падения значителен. Лучшая стратегия — минимизация убытков через выход из позиции.  

Риск-менеджмент требует ухода из позиций с высокой неопределенностью и негативной динамикой, особенно в условиях нестабильного макрофонa.
2025-09-08 12:50:39,774 INFO ✅ Dalio решает:: SELL SMLT (уверенность: 8/10)
2025-09-08 12:50:39,775 INFO : 
📈 ОБСУЖДЕНИЕ ТИКЕРА 2/6: NVTK
2025-09-08 12:50:39,775 INFO 💭 Buffett: анализирует NVTK...
2025-09-08 12:50:48,549 INFO HTTP Request: POST https://foundation-models.api.cloud.ru/v1/chat/completions "HTTP/1.1 200 OK"
2025-09-08 12:50:48,550 INFO 📝 Buffett говорит::    ДЕЙСТВИЕ: **ДЕРЖАТЬ**  
УВЕРЕННОСТЬ: **8**

**ОБОСНОВАНИЕ:**  
Новатэк — одна из ключевых компаний в секторе СПГ с уникальной экспертизой и крупными проектами, такими как Ямал СПГ. Запуск новой линии производства подтверждает операционную дисциплину и способность увеличивать мощности, что положительно влияет на долгосрочные перспективы.  

Компания обладает устойчивым конкурентным преимуществом благодаря доступу к ресурсам, технологиям и государственной поддержке. Финансовые показатели стабильны, дивидендная политика прозрачна, хотя и зависит от цен на газ и внешних факторов.  

Однако текущая оценка может быть близка к справедливой, а отрасль подвержена макроэкономическим и геополитическим рискам. В условиях неопределенности и ограниченной ликвидности бумаги — разумно удерживать позицию, но не увеличивать.
2025-09-08 12:50:48,551 INFO ✅ Buffett решает:: HOLD NVTK (уверенность: 8/10)
2025-09-08 12:50:48,551 INFO 💭 Trump: анализирует NVTK...
2025-09-08 12:51:08,802 INFO HTTP Request: POST https://foundation-models.api.cloud.ru/v1/chat/completions "HTTP/1.1 200 OK"
2025-09-08 12:51:08,804 INFO 📝 Trump говорит::    ДЕЙСТВИЕ: **ДЕРЖАТЬ**  
УВЕРЕННОСТЬ: **7**  
ОБОСНОВАНИЕ:  
Новатэк — один из самых сильных энергетических игроков в России с уникальной экспортной ориентацией и технологическим лидерством в СПГ. Запуск новой линии Ямал СПГ подтверждает операционную эффективность и способность наращивать мощности, что позитивно влияет на долгосрочные перспективы. Однако действующие санкции и геополитическая напряженность ограничивают доступ к международным рынкам и финансированию, что создает значительные риски. Валютные колебания и зависимость от внешней политики также снижают привлекательность для агрессивного инвестора. При имеющейся позиции (15 акций по 1200 руб.) целесообразно держать, но не наращивать.
2025-09-08 12:51:08,804 INFO ✅ Trump решает:: HOLD NVTK (уверенность: 7/10)
2025-09-08 12:51:08,805 INFO 💭 Dalio: анализирует NVTK...
2025-09-08 12:51:21,199 INFO HTTP Request: POST https://foundation-models.api.cloud.ru/v1/chat/completions "HTTP/1.1 200 OK"
2025-09-08 12:51:21,200 INFO 📝 Dalio говорит::    ДЕЙСТВИЕ: **ДЕРЖАТЬ**  
УВЕРЕННОСТЬ: **7/10**

**ОБОСНОВАНИЕ:**  
Новатэк — ключевой игрок в секторе СПГ с уникальной экспозицией к арктическим проектам. Запуск новой линии Ямал СПГ подтверждает операционную дисциплину и способность наращивать мощности, что усиливает его позиции на глобальном энергетическом рынке.  

Однако:  
- Акции слабо коррелируют с макроиндикаторами РФ, но сильно зависят от цен на газ и евроазиатской логистики.  
- Высокая концентрация выручки за пределами РФ снижает валютный риск, но усиливает чувствительность к санкционному давлению и изменению экспортных условий.  
- На текущем уровне (~1200 руб.) бумага близка к справедливой стоимости, заложенной рынком.  

Риск-менеджмент требует мониторинга:  
- Геополитической напряженности  
- Изменений в экспортной политике ЕС/Азии  
- Динамики CAPEX и свободного денежного потока  

При росте глобальных цен на СПГ и стабильности логистики — потенциал роста есть. Но при текущих макроусловиях преждевременно увеличивать позицию. Лучше удерживать и ждать более ясной картины по внешним рискам.
2025-09-08 12:51:21,200 INFO ✅ Dalio решает:: HOLD NVTK (уверенность: 7/10)
2025-09-08 12:51:21,201 INFO : 
📈 ОБСУЖДЕНИЕ ТИКЕРА 3/6: LKOH
2025-09-08 12:51:21,201 INFO 💭 Buffett: анализирует LKOH...
2025-09-08 12:51:30,923 INFO HTTP Request: POST https://foundation-models.api.cloud.ru/v1/chat/completions "HTTP/1.1 200 OK"
2025-09-08 12:51:30,925 INFO 📝 Buffett говорит::    ДЕЙСТВИЕ: **ДЕРЖАТЬ**  
УВЕРЕННОСТЬ: **8**

**ОБОСНОВАНИЕ:**  
Лукойл — одна из наиболее эффективных и дисциплинированных нефтегазовых компаний в России с сильной балансовой структурой, высокой рентабельностью и устойчивой дивидендной политикой. Несмотря на краткосрочное давление на цены нефти, компания демонстрирует стратегическое мышление, инвестируя в возобновляемую энергетику, что важно для долгосрочной устойчивости бизнеса.

Фундаментальные показатели остаются здоровыми: низкий уровень долга, высокий ROE, хорошая маржа. Однако текущее снижение цен на нефть и внешние макроэкономические риски создают краткосрочную волатильность.  

Инвестиции в "зеленую" энергетику говорят о подготовке к будущему, но основной бизнес пока остается зависимым от цен на нефть. Это ограничивает upside в краткосрочной перспективе, но поддерживает позиции в долговой перспективе.

При вашей средней цене 6500 руб. и текущих условиях — лучше держать позицию и следить за развитием ситуации с рынком нефти и реализации ESG-стратегии.
2025-09-08 12:51:30,926 INFO ✅ Buffett решает:: HOLD LKOH (уверенность: 8/10)
2025-09-08 12:51:30,927 INFO 💭 Trump: анализирует LKOH...
2025-09-08 12:51:50,137 INFO HTTP Request: POST https://foundation-models.api.cloud.ru/v1/chat/completions "HTTP/1.1 200 OK"
2025-09-08 12:51:50,138 INFO 📝 Trump говорит::    ДЕЙСТВИЕ: **ДЕРЖАТЬ**  
УВЕРЕННОСТЬ: **7**

**ОБОСНОВАНИЕ:**  
Лукойл — это один из самых сильных энергетических брендов в России, с устойчивой операционной эффективностью и диверсификацией в сторону возобновляемой энергетики. Это важно в условиях растущих ESG-требований и санкционного давления. Однако текущее падение цен на нефть и высокая зависимость от экспорта создают краткосрочные риски.  

Геополитические риски остаются значительными, но Лукойл имеет опыт работы в сложных условиях. Инвестиции в "зеленую" энергетику — шаг в будущее, что положительно влияет на долгосрочную устойчивость.  

При этом я бы не стал активно накапливать позицию сейчас из-за волатильности рынка и неопределенности по санкциям. Но продавать тоже нет смысла — компания стабильна, дивиденды платит, управление профессиональное.  

Средняя цена покупки 6500 — неплохая база. Держим и ждем более четкой картины по нефтяному рынку и санкционной среде.
2025-09-08 12:51:50,145 INFO ✅ Trump решает:: HOLD LKOH (уверенность: 7/10)
2025-09-08 12:51:50,145 INFO 💭 Dalio: анализирует LKOH...
2025-09-08 12:52:03,094 INFO HTTP Request: POST https://foundation-models.api.cloud.ru/v1/chat/completions "HTTP/1.1 200 OK"
2025-09-08 12:52:03,096 INFO 📝 Dalio говорит::    **ДЕЙСТВИЕ:** ДЕРЖАТЬ  
**УВЕРЕННОСТЬ:** 7  

**ОБОСНОВАНИЕ:**  
LKOH — ключевой актив в портфеле, чувствительный к цене на нефть и макроэкономическим рискам. Текущее снижение цен на нефть негативно влияет на краткосрочные перспективы, однако стратегическое решение Лукойла инвестировать в ВИЭ демонстрирует адаптацию к долгосрочным структурным изменениям в энергетике. Это снижает риски концентрации в одном секторе и повышает устойчивость бизнес-модели.  

Однако:  
- Краткосрочный риск связан с волатильностью нефтяного рынка и внешнеполитической неопределенностью.  
- Отсутствие четких деталей по проектам ВИЭ ограничивает оценку их влияния на прибыль.  

При текущем уровне владения (25 акций, средняя цена 6500 руб.) целесообразно держать позицию, но не увеличивать. Продажа преждевременна, так как компания демонстрирует стратегическую гибкость, но краткосрочные риски требуют осторожности.
2025-09-08 12:52:03,097 INFO ✅ Dalio решает:: HOLD LKOH (уверенность: 7/10)
2025-09-08 12:52:03,097 INFO : 
📈 ОБСУЖДЕНИЕ ТИКЕРА 4/6: GAZP
2025-09-08 12:52:03,097 INFO 💭 Buffett: анализирует GAZP...
2025-09-08 12:52:12,232 INFO HTTP Request: POST https://foundation-models.api.cloud.ru/v1/chat/completions "HTTP/1.1 200 OK"
2025-09-08 12:52:12,233 INFO 📝 Buffett говорит::    ДЕЙСТВИЕ: **ДЕРЖАТЬ**  
УВЕРЕННОСТЬ: **7**

**ОБОСНОВАНИЕ:**  
GAZP — это классический представитель компании с устойчивыми конкурентными преимуществами, благодаря контролю над крупнейшими запасами газа и ключевой ролью в энергетическом экспорте. Однако текущая ситуация неоднозначна.

**Плюсы:**
- Расширение экспорта в Китай — диверсификация рынков и снижение зависимости от Европы.
- Сильные барьеры для входа в бизнес, стабильная дивидендная история.
- Низкая оценка P/E и высокая дивидендная доходность на фоне инфляции.

**Минусы:**
- Снижение объемов поставок в Европу — риск для выручки в среднесрочной перспективе.
- Геополитические риски и возможные санкции могут ограничивать доступ к технологиям и рынкам.
- Волатильность регуляторной среды.

При текущей цене ниже средней стоимости покупки (180 руб.), компания остается недооцененной с точки зрения фундаментала, но из-за внешних рисков преждевременно увеличивать позицию. Лучше дождаться большей ясности в экспортной динамике и стабилизации макрообстановки.
2025-09-08 12:52:12,234 INFO ✅ Buffett решает:: HOLD GAZP (уверенность: 7/10)
2025-09-08 12:52:12,234 INFO 💭 Trump: анализирует GAZP...
2025-09-08 12:52:16,696 INFO HTTP Request: POST https://foundation-models.api.cloud.ru/v1/chat/completions "HTTP/1.1 200 OK"
2025-09-08 12:52:16,698 INFO 📝 Trump говорит::    ДЕЙСТВИЕ: ДЕРЖАТЬ  
УВЕРЕННОСТЬ: 7  

ОБОСНОВАНИЕ:  
Газпром остается ключевым игроком в энергетическом секторе с сильной государственной поддержкой и значительными ресурсами. Расширение экспорта в Китай — плюс, снижение поставок в Европу — минус. Однако санкции и геополитическая напряженность создают долгосрочные риски. Компания стабильна, но рост ограничен. При текущих условиях лучше держать позицию, чем активно наращивать или сворачивать.
2025-09-08 12:52:16,698 INFO ✅ Trump решает:: HOLD GAZP (уверенность: 7/10)
2025-09-08 12:52:16,698 INFO 💭 Dalio: анализирует GAZP...
2025-09-08 12:52:33,899 INFO HTTP Request: POST https://foundation-models.api.cloud.ru/v1/chat/completions "HTTP/1.1 200 OK"
2025-09-08 12:52:33,900 INFO 📝 Dalio говорит::    **ДЕЙСТВИЕ:** ДЕРЖАТЬ  
**УВЕРЕННОСТЬ:** 7  

**ОБОСНОВАНИЕ:**  
GAZP находится в структурном переходе: снижение экспортных доходов из Европы компенсируется ростом поставок в Азию, особенно в Китай. Это частично диверсифицирует потоки, но новые рынки не полностью компенсируют утрату европейского спроса.  

С точки зрения цикличности:  
- Российская экономика остается зависимой от энергоресурсов, но с ослаблением внутреннего спроса и санкционным давлением перспективы роста ограничены.  
- Низкая волатильность цен на газ в краткосрочной перспективе снижает вероятность значительного роста, но и падения будет скорее постепенным.  

Риски:  
- Валютный (рубль vs. валютные доходи),  
- Политический (санкции, ограничения экспорта),  
- Макроэкономический (слабый внутренний рынок, инфляция).  

При текущей цене и позиции — нет явных сигналов ни для покупки, ни для продажи. Лучше держать с пониманием структурного сдвига в бизнес-модели и наблюдать за развитием азиатского направления.
2025-09-08 12:52:33,901 INFO ✅ Dalio решает:: HOLD GAZP (уверенность: 7/10)
2025-09-08 12:52:33,901 INFO : 
📈 ОБСУЖДЕНИЕ ТИКЕРА 5/6: YDEX
2025-09-08 12:52:33,901 INFO 💭 Buffett: анализирует YDEX...
2025-09-08 12:53:04,925 INFO HTTP Request: POST https://foundation-models.api.cloud.ru/v1/chat/completions "HTTP/1.1 200 OK"
2025-09-08 12:53:04,927 INFO 📝 Buffett говорит::    ДЕЙСТВИЕ: **ДЕРЖАТЬ**  
УВЕРЕННОСТЬ: **7**

**ОБОСНОВАНИЕ:**  
Yandex (YDEX) — компания с сильной бизнес-моделью, доминирующей позицией в поиске и цифровых сервисах в России, высокой рентабельностью и значительными барьерами для входа. Инвестиции в ИИ демонстрируют стратегическую направленность на будущее и усиление конкурентных преимуществ.  

Однако:  
- Регулирующая неопределенность в IT-секторе создает риски для стабильности бизнес-модели.  
- Волатильность рынка и макроэкономические факторы могут давить на оценку.  
- Акции могут быть близки к справедливой стоимости при текущих условиях.  

Финансовые показатели остаются здоровыми, дивидендная политика умеренная, но потенциал роста есть при снижении регуляторных рисков. Продавать нет смысла, но и активно докупать пока рано. Лучше наблюдать за развитием ситуации и держать позицию.
2025-09-08 12:53:04,927 INFO ✅ Buffett решает:: HOLD YDEX (уверенность: 7/10)
2025-09-08 12:53:04,927 INFO 💭 Trump: анализирует YDEX...
2025-09-08 12:53:15,063 INFO HTTP Request: POST https://foundation-models.api.cloud.ru/v1/chat/completions "HTTP/1.1 200 OK"
2025-09-08 12:53:15,066 INFO 📝 Trump говорит::    ДЕЙСТВИЕ: **ДЕРЖАТЬ**  
УВЕРЕННОСТЬ: **6**  
ОБОСНОВАНИЕ:  
Яндекс — сильный российский технологический бренд с доминирующей позицией на рынке поиска и цифровых сервисов. Инвестиции в ИИ (30 млрд руб.) демонстрируют стратегическую направленность на будущее и технологическое лидерство. Однако риски усиления регулирования со стороны государства создают неопределенность, особенно в условиях санкционного давления и ограниченного доступа к международным рынкам. Экспортные перспективы ограничены, валютные риски присутствуют. При текущей цене и позиции — держать, но новых покупок не рекомендую до прояснения регуляторной ситуации.
2025-09-08 12:53:15,067 INFO ✅ Trump решает:: HOLD YDEX (уверенность: 6/10)
2025-09-08 12:53:15,067 INFO 💭 Dalio: анализирует YDEX...
2025-09-08 12:53:44,452 INFO HTTP Request: POST https://foundation-models.api.cloud.ru/v1/chat/completions "HTTP/1.1 200 OK"
2025-09-08 12:53:44,453 INFO 📝 Dalio говорит::    **ДЕЙСТВИЕ:** ДЕРЖАТЬ  
**УВЕРЕННОСТЬ:** 6  

**ОБОСНОВАНИЕ:**  
YDEX (Яндекс) — компания с сильной экспозцией к внутреннему рынку и технологическим рискам. Инвестиции в ИИ ($30 млрд руб) указывают на стратегическую перспективу, но ROI пока не очевиден. Ужесточение регулирования в IT создает давление на маржу и потенциальную капитализацию.  

С точки зрения макро:  
- Рубль остается волатильным, что увеличивает валютный риск для глобальных инвесторов.  
- Ставка ЦБ высока, что давит на оценки компаний с долгосрочными кеш-флоу.  

Технологическая диверсификация — плюс, но бизнес-модель Яндекса всё ещё чувствительна к политическим и регуляторным рискам. В текущей позиции (цена ниже 4500) есть смысл держать, но активного ребалансирования или усреднения не требует.  

Риск-менеджмент: ограничить долю в портфеле; при росте выше 5000 — частично фиксировать прибыль.
2025-09-08 12:53:44,454 INFO ✅ Dalio решает:: HOLD YDEX (уверенность: 6/10)
2025-09-08 12:53:44,454 INFO : 
📈 ОБСУЖДЕНИЕ ТИКЕРА 6/6: SBER
2025-09-08 12:53:44,454 INFO 💭 Buffett: анализирует SBER...
2025-09-08 12:54:06,058 INFO HTTP Request: POST https://foundation-models.api.cloud.ru/v1/chat/completions "HTTP/1.1 200 OK"
2025-09-08 12:54:06,061 INFO 📝 Buffett говорит::    **ДЕЙСТВИЕ:** ДЕРЖАТЬ  
**УВЕРЕННОСТЬ:** 8  

**ОБОСНОВАНИЕ:**  
Сбербанк — системообразующий игрок с устойчивым рыночным доминированием, высокими барьерами для конкуренции и стабильной клиентской базой. Рост прибыли на 15% подтверждает эффективность масштабирования и управления рисками. Банк демонстрирует умеренный уровень просрочек и хороший контроль над кредитным портфелем.

Однако повышение ключевой ставки ЦБ до 16% создает давление на спрос на кредиты и может замедлить рост净利息收入 (NII). Тем не менее, SBER лучше большинства отраслевых игроков адаптируется к изменению макроусловий благодаря технологическим инвестициям (СберБанк Онлайн, экосистема) и диверсификации доходов.

Текущая цена акции компенсирует риски_macro и остаётся привлекательной в рамках долгосрочной стратегии. Дивидендная политика стабильна, что важно в условиях инфляции.

Продажа нецелесообразна из-за недооценки бизнеса и его защитных качеств. Новых покупок сейчас делать не стоит — ждём более ясной картины по макроэкономике и реакции банковского сектора на изменение ставки.

*Примечание: Инвестиции в российские активы связаны с дополнительными геополитическими и регуляторными рисками.*
2025-09-08 12:54:06,062 INFO ✅ Buffett решает:: HOLD SBER (уверенность: 8/10)
2025-09-08 12:54:06,063 INFO 💭 Trump: анализирует SBER...
2025-09-08 12:54:12,235 INFO HTTP Request: POST https://foundation-models.api.cloud.ru/v1/chat/completions "HTTP/1.1 200 OK"
2025-09-08 12:54:12,236 INFO 📝 Trump говорит::    ДЕЙСТВИЕ: ДЕРЖАТЬ  
УВЕРЕННОСТЬ: 7  

ОБОСНОВАНИЕ:  
Сбер — это крупнейший банк страны с доминирующей долей рынка, сильный бренд и ключевой игрок в финансовой системе России. Рост прибыли на 15% демонстрирует устойчивость бизнеса даже в сложной макроэкономической среде. Однако высокие геополитические риски, санкционное давление и повышенная ключевая ставка (16%) создают серьезные препятствия для дальнейшего быстрого роста. Валютные ограничения и отток капитала также снижают привлекательность.  

Пока держу — банк стабилен, но из-за внешних рисков не готов добавить aggressively. Если ситуация с санкциями или валютой улучшится — можно будет купить еще.
2025-09-08 12:54:12,236 INFO ✅ Trump решает:: BUY SBER (уверенность: 7/10)
2025-09-08 12:54:12,236 INFO 💭 Dalio: анализирует SBER...
2025-09-08 12:54:21,260 INFO HTTP Request: POST https://foundation-models.api.cloud.ru/v1/chat/completions "HTTP/1.1 200 OK"
2025-09-08 12:54:21,261 INFO 📝 Dalio говорит::    **ДЕЙСТВИЕ:** ДЕРЖАТЬ  
**УВЕРЕННОСТЬ:** 7  

**ОБОСНОВАНИЕ:**  
Сбербанк — системообразующий актив российской финансовой системы, с высокой корреляцией к макроэкономическим и валютным рискам. Рост прибыли на 15% говорит о хорошей операционной динамике, однако ключевые риски связаны не с фундаментом банка, а с внешней средой.

Повышение ключевой ставки ЦБ до 16% усиливает давление на спрос на кредиты и может замедлить рост кредитного портфеля в будущем. Это также увеличивает стоимость привлечения капитала и может ограничить маржу. Снижение резервов — позитив, но это частично отражает текущую макроустойчивость, а не устойчивый тренд.

SBER имеет сильную рыночную позицию, цифровую трансформацию и диверсифицированный бизнес (финтех, экосистема), что снижает риски концентрации. Однако из-за высокой чувствительности к ставке, инфляции и курсу рубля, в условиях неопределенности по монетарной политике и санкционному давлению, акция находится в режиме «нейтральной» аллокации.

При текущем уровне ~250 руб. (ваша средняя) — позиция обоснована, но активного ребалансирования или усреднения не требует. Ожидаем паузу до более четкой макроинформации (инфляция, сигналы ЦБ, валютный рынок).
2025-09-08 12:54:21,262 INFO ✅ Dalio решает:: HOLD SBER (уверенность: 7/10)
2025-09-08 12:54:21,262 INFO : 
🎯 СОВЕЩАНИЕ ЗАВЕРШЕНО
2025-09-08 12:54:21,262 INFO : 📋 Получено 18 мнений от агентов
2025-09-08 12:54:21,262 INFO 📋 Решения агентов на 2025-09-05:
2025-09-08 12:54:21,262 INFO   🔴 SMLT: SELL (уверенность: 7.3/10)
2025-09-08 12:54:21,262 INFO   🟡 NVTK: HOLD (уверенность: 7.3/10)
2025-09-08 12:54:21,262 INFO   🟡 LKOH: HOLD (уверенность: 7.3/10)
2025-09-08 12:54:21,262 INFO   🟡 GAZP: HOLD (уверенность: 7.0/10)
2025-09-08 12:54:21,262 INFO   🟡 YDEX: HOLD (уверенность: 6.3/10)
2025-09-08 12:54:21,263 INFO   🟡 SBER: HOLD (уверенность: 7.3/10)
2025-09-08 12:54:21,263 INFO Получили решения агентов для 2025-09-05
2025-09-08 12:54:21,263 INFO Применяем решения и обновляем портфель для 2025-09-05
2025-09-08 12:54:21,263 INFO Применили решения и обновлили портфель для 2025-09-05
2025-09-08 12:54:21,263 INFO Обновили накопленный PnL для 2025-09-05
2025-09-08 12:54:21,263 INFO Логируем результаты дня для 2025-09-05
2025-09-08 12:54:21,264 INFO Логируем результаты за день для 2025-09-05
2025-09-08 12:54:21,264 INFO Вычисляем текущую стоимость портфеля для 2025-09-05
2025-09-08 12:54:21,265 INFO : 📊 2025-09-05: Результаты дня
💰 PnL за день: 2,810.50 ₽ (+1.02%)
📈 Общий PnL: 2,810.50 ₽ (+1.03%)
💼 Стоимость портфеля: 276,181.00 ₽
Детали по тикерам:
  🟡 SBER: 309.10 → 310.50 ₽ (+0.45%) | HOLD (уверенность: 7.3/10)
  🟡 GAZP: 131.00 → 131.87 ₽ (+0.66%) | HOLD (уверенность: 7.0/10)
  🟡 LKOH: 6470.00 → 6472.00 ₽ (+0.03%) | HOLD (уверенность: 7.3/10)
  🟡 NVTK: 1228.00 → 1239.80 ₽ (+0.96%) | HOLD (уверенность: 7.3/10)
  🟡 YDEX: 4303.00 → 4341.00 ₽ (+0.88%) | HOLD (уверенность: 6.3/10)
  🔴 SMLT: 1200.00 → 1192.00 ₽ (-0.67%) | SELL (уверенность: 7.3/10)

2025-09-08 12:54:21,266 INFO ──────────────────────────────────────────────────
2025-09-08 12:54:21,266 INFO 📅 Обрабатываем день: 2025-09-06
2025-09-08 12:54:21,266 INFO Получаем решения агентов для 2025-09-06
2025-09-08 12:54:21,267 INFO 🤖 Агенты обсуждают портфель на 2025-09-06
2025-09-08 12:54:21,267 INFO : 
🏛️ НАЧИНАЕТСЯ СОВЕЩАНИЕ ИНВЕСТИЦИОННОГО КОМИТЕТА
2025-09-08 12:54:21,267 INFO : 📊 Анализируем 6 тикеров: GAZP, LKOH, NVTK, SBER, SMLT, YDEX
2025-09-08 12:54:21,267 INFO : 👥 Участники: Buffett, Trump, Dalio
2025-09-08 12:54:21,267 INFO : 
📈 ОБСУЖДЕНИЕ ТИКЕРА 1/6: SMLT
2025-09-08 12:54:21,268 INFO 💭 Buffett: анализирует SMLT...
2025-09-08 12:54:28,992 INFO HTTP Request: POST https://foundation-models.api.cloud.ru/v1/chat/completions "HTTP/1.1 200 OK"
2025-09-08 12:54:28,994 INFO 📝 Buffett говорит::    **ДЕЙСТВИЕ:** ДЕРЖАТЬ  
**УВЕРЕННОСТЬ:** 6  

**ОБОСНОВАНИЕ:**  
Резкое падение акций SMLT с 4000 до 1000 рублей свидетельствует о серьезных рыночных опасениях, вероятно связанных с ухудшением макроэкономической среды (рост ставок, снижение доступности ипотеки) и потенциальными проблемами в бизнес-модели. Однако вы уже находитесь в позиции ниже средней цены покупки — это дает определенный запас прочности.

Ключевые моменты:  
- **Фундаментальная неопределенность**: Нет четкой информации о финансовом состоянии компании, что повышает риски.  
- **Ликвидность и объемы продаж**: Массовая распродажа акций говорит о слабом доверии со стороны инвесторов.  
- **Отраслевые риски**: Снижение спроса на недвижимость из-за повышения ключевой ставки ЦБ негативно влияет на компании с ипотечной exposure.  
- **Потенциал восстановления**: Если компания имеет устойчивый баланс и способна адаптироваться к новым условиям, текущая цена может оказаться недооцененной.  

Пока нет ясности по финансам и перспективам — преждевременно покупать больше или продавать дешевле. Лучше наблюдать и ждать уточнения ситуации.
2025-09-08 12:54:28,995 INFO ✅ Buffett решает:: HOLD SMLT (уверенность: 6/10)
2025-09-08 12:54:28,996 INFO 💭 Trump: анализирует SMLT...
2025-09-08 12:54:44,220 INFO HTTP Request: POST https://foundation-models.api.cloud.ru/v1/chat/completions "HTTP/1.1 200 OK"
2025-09-08 12:54:44,221 INFO 📝 Trump говорит::    ДЕЙСТВИЕ: **ПРОДАТЬ**  
УВЕРЕННОСТЬ: **8**  
ОБОСНОВАНИЕ:  
Резкий обвал акций SMLT с 4000 до 1000 рублей указывает на серьезные фундаментальные проблемы или потерю доверия инвесторов. Массовая распродажа бумаг — тревожный сигнал. Компания, судя по всему, зависит от льготной ипотеки, что делает её уязвимой к изменениям макроэкономической политики (повышение ключевой ставки ЦБ). Российский рынок недвижимости сталкивается с рисками из-за санкционного давления, валютной нестабильности и снижения платежеспособности населения. Без диверсификации бизнеса и устойчивого спроса вне государственных программ перспективы выглядят слабо. При такой просадке и высоких рисках — лучше зафиксировать убытки и выйти из позиции.
2025-09-08 12:54:44,222 INFO ✅ Trump решает:: SELL SMLT (уверенность: 8/10)
2025-09-08 12:54:44,222 INFO 💭 Dalio: анализирует SMLT...
2025-09-08 12:54:59,970 INFO HTTP Request: POST https://foundation-models.api.cloud.ru/v1/chat/completions "HTTP/1.1 200 OK"
2025-09-08 12:54:59,973 INFO 📝 Dalio говорит::    ДЕЙСТВИЕ: **ПРОДАТЬ**  
УВЕРЕННОСТЬ: **8**  
ОБОСНОВАНИЕ:  
Резкое падение цены акций SMLT (с 4000 до 1000 руб.) указывает на серьезные фундаментальные проблемы или потерю доверия инвесторов. Массовая распродажа бумаг — сигнал негативных ожиданий. Учитывая, что большинство квартир продавалось по льготным ипотечным программам, повышение ключевой ставки ЦБ РФ снижает привлекательность данного сегмента рынка, что напрямую влияет на бизнес-модель девелоперов.  

Компания, вероятно, столкнулась с ухудшением маржинальности, снижением объемов продаж и ростом финансового давления. В текущей макрообстановке (высокие ставки, слабый спрос на жилье, валютная нестабильность) сектор недвижимости подвержен высоким рискам.  

Несмотря на то, что текущая цена ниже средней стоимости портфельного входа (1100 руб.), дальнейшее падение возможно из-за отсутствия видимых факторов для восстановления. Риск дальнейших потерь выше, чем потенциал роста. Лучшая стратегия — минимизация убытков через выход из позиции.
2025-09-08 12:54:59,974 INFO ✅ Dalio решает:: SELL SMLT (уверенность: 8/10)
2025-09-08 12:54:59,975 INFO : 
📈 ОБСУЖДЕНИЕ ТИКЕРА 2/6: NVTK
2025-09-08 12:54:59,975 INFO 💭 Buffett: анализирует NVTK...
2025-09-08 12:55:08,626 INFO HTTP Request: POST https://foundation-models.api.cloud.ru/v1/chat/completions "HTTP/1.1 200 OK"
2025-09-08 12:55:08,628 INFO 📝 Buffett говорит::    ДЕЙСТВИЕ: **ДЕРЖАТЬ**  
УВЕРЕННОСТЬ: **8**

**ОБОСНОВАНИЕ:**  
Новатэк — одна из самых эффективных и технологически продвинутых компаний в газовой отрасли России, с устойчивым лидерством в проектах СПГ. Запуск новой линии Ямал СПГ подтверждает операционную дисциплину и способность наращивать мощности, что усиливает его конкурентные позиции на глобальном рынке СПГ.

Фундаментальные показатели остаются сильными: высокая рентабельность капитала (ROE), низкий уровень долга при хорошем cash flow, стабильная дивидендная политика. Отрасль углеводородов, особенно СПГ, защищена от инфляции и востребована в условиях энергетического перехода.

Однако ключевые риски связаны с геополитической ситуацией, санкционным давлением и волатильностью цен на газ. Это ограничивает upside для иностранных инвесторов и может сдерживать рост ликвидности бумаги.

При текущей цене и наличии позиции — это скорее акция для удержания с ожиданием роста дивидендов и потенциальной переоценки при улучшении макроусловий.
2025-09-08 12:55:08,629 INFO ✅ Buffett решает:: HOLD NVTK (уверенность: 8/10)
2025-09-08 12:55:08,629 INFO 💭 Trump: анализирует NVTK...
2025-09-08 12:55:13,040 INFO HTTP Request: POST https://foundation-models.api.cloud.ru/v1/chat/completions "HTTP/1.1 200 OK"
2025-09-08 12:55:13,042 INFO 📝 Trump говорит::    ДЕЙСТВИЕ: **ДЕРЖАТЬ**  
УВЕРЕННОСТЬ: **7**

ОБОСНОВАНИЕ:  
Новатэк — один из сильнейших игроков в газовой отрасли, с мощной экспортной базой и ключевым проектом Ямал СПГ. Запуск новой линии повышает производственные мощности и усиливает позиции компании. Однако высокие геополитические риски, санкционное давление и зависимость от внешнеполитической ситуации снижают привлекательность для долгосрочных инвестиций. В портфеле уже есть позиция — при текущих условиях лучше удерживать, чем рисковать дополнительными вложениями или продажей.
2025-09-08 12:55:13,043 INFO ✅ Trump решает:: HOLD NVTK (уверенность: 7/10)
2025-09-08 12:55:13,043 INFO 💭 Dalio: анализирует NVTK...
2025-09-08 12:55:22,885 INFO HTTP Request: POST https://foundation-models.api.cloud.ru/v1/chat/completions "HTTP/1.1 200 OK"
2025-09-08 12:55:22,886 INFO 📝 Dalio говорит::    ДЕЙСТВИЕ: **ДЕРЖАТЬ**  
УВЕРЕННОСТЬ: **7**

**ОБОСНОВАНИЕ:**  
Новатэк — ключевой игрок в секторе СПГ с уникальной экспозицией к арктическим проектам. Запуск новой линии Ямал СПГ подтверждает операционную дисциплину и способность увеличивать производство, что позитивно влияет на долгосрочные перспективы дивидендов и стоимости активов.  

Однако текущая оценка уже учитывает значительную часть этого роста. Макроэкономическая среда неоднозначна: высокие ставки ЦБ РФ давят на мультипликаторы, а внешние санкции создают валютные и логистические риски.  

Корреляция с ценами на газ и нефть высока, но эти рынки остаются волатильными. Учитывая концентрацию рисков в секторе и стране, диверсификация важнее усреднения позиции.  

При текущем уровне владения (15 акций) и средней цене 1200 руб., разумная стратегия — удерживать позицию, но не наращивать.
2025-09-08 12:55:22,886 INFO ✅ Dalio решает:: HOLD NVTK (уверенность: 7/10)
2025-09-08 12:55:22,886 INFO : 
📈 ОБСУЖДЕНИЕ ТИКЕРА 3/6: LKOH
2025-09-08 12:55:22,887 INFO 💭 Buffett: анализирует LKOH...
2025-09-08 12:55:38,216 INFO HTTP Request: POST https://foundation-models.api.cloud.ru/v1/chat/completions "HTTP/1.1 200 OK"
2025-09-08 12:55:38,217 INFO 📝 Buffett говорит::    **ДЕЙСТВИЕ:** ДЕРЖАТЬ  
**УВЕРЕННОСТЬ:** 8  

**ОБОСНОВАНИЕ:**  
Лукойл — одна из наиболее эффективных и дисциплинированных нефтегазовых компаний в России с устойчивой рентабельностью капитала (ROE > 20%), низким уровнем долга и стабильной дивидендной политикой. Это соответствует моим критериям инвестирования в качественные бизнесы с устойчивыми конкурентными преимуществами.  

Текущее снижение цен на нефть влияет на краткосрочную доходность, но компания демонстрирует способность генерировать свободный денежный поток даже при умеренных ценах на нефть. Инвестиции в возобновляемую энергетику говорят о понимании менеджментом долгосрочных трендов энергетического перехода, что повышает привлекательность бизнес-модели в будущем.  

Однако, при текущих макроэкономических рисках и волатильности в секторе, преждевременно увеличивать позицию. Существующую позицию рекомендую держать — компания обладает фундаментальной силой и остается надежным активом в долгосрочной перспективе.
2025-09-08 12:55:38,218 INFO ✅ Buffett решает:: HOLD LKOH (уверенность: 8/10)
2025-09-08 12:55:38,219 INFO 💭 Trump: анализирует LKOH...
2025-09-08 12:55:43,644 INFO HTTP Request: POST https://foundation-models.api.cloud.ru/v1/chat/completions "HTTP/1.1 200 OK"
2025-09-08 12:55:43,646 INFO 📝 Trump говорит::    ДЕЙСТВИЕ: ДЕРЖАТЬ  
УВЕРЕННОСТЬ: 7  

ОБОСНОВАНИЕ:  
Лукойл — сильный бренд с доминирующей позицией на рынке. Компания демонстрирует адаптацию к трендам (инвестиции в "зеленую" энергетику), что снижает долгосрочные риски. Однако текущее падение цен на нефть и санкционное давление создают краткосрочную неопределенность. Политические риски остаются высокими, экспорт ограничен. При этом компания генерирует стабильный现金流 и имеет опыт управления в сложных условиях. Продавать нет смысла, но и активно докупать не стоит — ждем большей ясности по рынку и геополитике.
2025-09-08 12:55:43,647 INFO ✅ Trump решает:: HOLD LKOH (уверенность: 7/10)
2025-09-08 12:55:43,648 INFO 💭 Dalio: анализирует LKOH...
2025-09-08 12:55:52,318 INFO HTTP Request: POST https://foundation-models.api.cloud.ru/v1/chat/completions "HTTP/1.1 200 OK"
2025-09-08 12:55:52,319 INFO 📝 Dalio говорит::    **ДЕЙСТВИЕ:** ДЕРЖАТЬ  
**УВЕРЕННОСТЬ:** 7  

**ОБОСНОВАНИЕ:**  
LKOH — ключевой актив в портфеле с высокой корреляцией к цене на нефть и макроэкономическим условиям. Текущие факторы:  

1. **Цены на нефть снижаются** — негативный краткосрочный драйвер для стоимости актива.  
2. **Инвестиции в «зеленую» энергетику** — стратегически важный шаг диверсификации бизнеса, но эффект будет заметен только через несколько лет.  

Риск-менеджмент требует учитывать:  
- Высокую волатильность нефтяного рынка  
- Геополитические и санкционные риски  
- Валютную чувствительность (рубль vs. долларовые затраты)  

При текущей цене (~6500 руб.) и дивидендной доходности акция не выглядит недооцененной или переоцененной. Однако, при снижении цены ниже 5800–6000 руб. — возможна пересмотр на ПОКУПКУ.  

Стратегически — Лукойл движется в сторону ESG, что важно для долгосрочной устойчивости, но пока это не компенсирует краткосрочные риски.
2025-09-08 12:55:52,320 INFO ✅ Dalio решает:: HOLD LKOH (уверенность: 7/10)
2025-09-08 12:55:52,320 INFO : 
📈 ОБСУЖДЕНИЕ ТИКЕРА 4/6: GAZP
2025-09-08 12:55:52,320 INFO 💭 Buffett: анализирует GAZP...
2025-09-08 12:56:01,266 INFO HTTP Request: POST https://foundation-models.api.cloud.ru/v1/chat/completions "HTTP/1.1 200 OK"
2025-09-08 12:56:01,268 INFO 📝 Buffett говорит::    **ДЕЙСТВИЕ:** ДЕРЖАТЬ  
**УВЕРЕННОСТЬ:** 7  

**ОБОСНОВАНИЕ:**  
Газпром остается ключевым игроком в энергетическом секторе с устойчивой бизнес-моделью и значительными барьерами для входа. Расширение экспорта в Китай — позитивный фактор, диверсифицирующий потоки доходов и снижающий зависимость от европейского рынка. Однако риск дальнейшего сокращения поставок в Европу создает неопределенность.  

Финансовые показатели стабильны, дивидендная политика привлекательна для инвесторов, ориентированных на доход. Тем не менее, из-за геополитических рисков и волатильности регулирования в отрасли, акция недосягаема для активного роста, но и полностью продавать нет причин — компания остается системообразующей и генерирует стабильный денежный поток.  

Текущая позиция имеет смысл удерживать, ожидая более четкой картины по международной торговле энергоносителями.
2025-09-08 12:56:01,269 INFO ✅ Buffett решает:: HOLD GAZP (уверенность: 7/10)
2025-09-08 12:56:01,270 INFO 💭 Trump: анализирует GAZP...
2025-09-08 12:56:13,137 INFO HTTP Request: POST https://foundation-models.api.cloud.ru/v1/chat/completions "HTTP/1.1 200 OK"
2025-09-08 12:56:13,140 INFO 📝 Trump говорит::    ДЕЙСТВИЕ: **ДЕРЖАТЬ**  
УВЕРЕННОСТЬ: **7**

ОБОСНОВАНИЕ:  
GAZP — это классический пример сильного бренда с господствующей позицией на рынке. Компания обладает огромными ресурсами, ключевой инфраструктурой и стратегическим значением для России. Рост экспорта в Китай — плюс, особенно в условиях оттока из Европы. Однако санкции и геополитическая напряженность создают серьезные риски, ограничивая доступ к западным рынкам и технологиям. Валютные риски и давление со стороны регуляторов также остаются факторами неопределенности.  

При этом Газпром остается одной из самых стабильных компаний в РФ, с хорошей дивидендной политикой. В краткосрочной перспективе сильных движений быть не должно — держать, но активного набора не рекомендую.
2025-09-08 12:56:13,141 INFO ✅ Trump решает:: HOLD GAZP (уверенность: 7/10)
2025-09-08 12:56:13,141 INFO 💭 Dalio: анализирует GAZP...
2025-09-08 12:56:21,123 INFO HTTP Request: POST https://foundation-models.api.cloud.ru/v1/chat/completions "HTTP/1.1 200 OK"
2025-09-08 12:56:21,127 INFO 📝 Dalio говорит::    **ДЕЙСТВИЕ:** ДЕРЖАТЬ  
**УВЕРЕННОСТЬ:** 7  

**ОБОСНОВАНИЕ:**  
GAZP находится в структурном переходе: рост экспорта в Азию (особенно в Китай) частично компенсирует падение поставок в Европу. Однако ключевые риски остаются:  
- **Геополитическое давление** ограничивает доступ к западным рынкам и технологиям.  
- **Валютные риски**: несмотря на рост экспорта в юанях, слабость рубля увеличивает издержки и снижает эффективность переоценки выручки.  
- **Регулирование и санкции** могут повлиять на логистику и цены на газ.  

С точки зрения цикличности:  
- Газпром — defensive play в рамках энергетического сектора РФ, но его динамика напрямую зависит от внешней торговли и цен на энергоносители.  
- В условиях высокой волатильности и непредсказуемости европейской энергетической политики, рост азиатского направления недостаточен для уверенного «купить».  

Фундаментальная недооценка есть, но потенциал ограничен структурными рисками. При текущих условиях лучше держать позицию и следить за развитием событий по каналам экспорта и валютному курсу.
2025-09-08 12:56:21,128 INFO ✅ Dalio решает:: BUY GAZP (уверенность: 7/10)
2025-09-08 12:56:21,128 INFO : 
📈 ОБСУЖДЕНИЕ ТИКЕРА 5/6: YDEX
2025-09-08 12:56:21,129 INFO 💭 Buffett: анализирует YDEX...
2025-09-08 12:56:29,286 INFO HTTP Request: POST https://foundation-models.api.cloud.ru/v1/chat/completions "HTTP/1.1 200 OK"
2025-09-08 12:56:29,288 INFO 📝 Buffett говорит::    ДЕЙСТВИЕ: **ДЕРЖАТЬ**  
УВЕРЕННОСТЬ: **7**

**ОБОСНОВАНИЕ:**  
Yandex (YDEX) — компания с сильной бизнес-моделью, доминирующей позицией в российском онлайн-поиске и значительными возможностями в смежных сегментах (маркетплейс, такси, финтех). Инвестиции в ИИ (30 млрд руб.) указывают на стратегическую направленность на будущее и технологическое лидерство.

Однако существуют риски:
- Регулирование со стороны государства может ограничить операционную гибкость и маржу.
- Зависимость от внутреннего рынка делает компанию уязвимой к макроэкономическим и политическим рискам.

Финансово компания остается прибыльной, с умеренным уровнем долга. Дивидендная политика нестабильна, что снижает привлекательность для инвесторов, ориентированных на доход.  

При текущей цене и наличии позиции — держать. Компания имеет потенциал, но риски требуют осторожности.
2025-09-08 12:56:29,289 INFO ✅ Buffett решает:: HOLD YDEX (уверенность: 7/10)
2025-09-08 12:56:29,289 INFO 💭 Trump: анализирует YDEX...
2025-09-08 12:56:34,789 INFO HTTP Request: POST https://foundation-models.api.cloud.ru/v1/chat/completions "HTTP/1.1 200 OK"
2025-09-08 12:56:34,792 INFO 📝 Trump говорит::    ДЕЙСТВИЕ: ДЕРЖАТЬ  
УВЕРЕННОСТЬ: 6  
ОБОСНОВАНИЕ:  
Яндекс — сильный российский технологический бренд с доминирующей позицией в поиске и онлайн-сервисах. Инвестиции в ИИ (30 млрд руб.) демонстрируют стратегическую направленность на будущее и инновации. Однако растущее государственное регулирование IT-сектора создает значительные риски для бизнес-модели и прибыли. Санкции и геополитическая нестабильность ограничивают экспортный потенциал и доступ к международным рынкам. Валютные риски и зависимость от внутреннего рынка снижают привлекательность для агрессивных инвестиций. При текущих условиях лучше сохранить позицию и следить за развитием регуляторной среды и эффективностью инвестиций в ИИ.
2025-09-08 12:56:34,793 INFO ✅ Trump решает:: HOLD YDEX (уверенность: 6/10)
2025-09-08 12:56:34,793 INFO 💭 Dalio: анализирует YDEX...
2025-09-08 12:56:41,559 INFO HTTP Request: POST https://foundation-models.api.cloud.ru/v1/chat/completions "HTTP/1.1 200 OK"
2025-09-08 12:56:41,561 INFO 📝 Dalio говорит::    **ДЕЙСТВИЕ:** ДЕРЖАТЬ  
**УВЕРЕННОСТЬ:** 7  

**ОБОСНОВАНИЕ:**  
YDEX — ключевой актив в российском IT-секторе с сильной экосистемой и растущими возможностями в области ИИ. Инвестиции в ИИ (30 млрд руб.) указывают на стратегическую переориентацию и усиление конкурентных преимуществ. Однако риски усиления регулирования создают неопределенность вокруг будущих margins и структуры бизнеса.  

С учетом текущей волатильности рынка и высокой концентрации рисков в секторе (регуляторные, санкционные, валютные), преждевременно увеличивать позицию. Показатели макроэкономики (высокие ставки, слабый рубль) также давят на мультипликаторы и капитализацию.  

При текущей цене и уровне неопределенности разумно держать позицию, но не усредняться без явных сигналов стабилизации регуляторной среды и улучшения ликвидности рынка.
2025-09-08 12:56:41,561 INFO ✅ Dalio решает:: HOLD YDEX (уверенность: 7/10)
2025-09-08 12:56:41,562 INFO : 
📈 ОБСУЖДЕНИЕ ТИКЕРА 6/6: SBER
2025-09-08 12:56:41,562 INFO 💭 Buffett: анализирует SBER...
2025-09-08 12:56:56,555 INFO HTTP Request: POST https://foundation-models.api.cloud.ru/v1/chat/completions "HTTP/1.1 200 OK"
2025-09-08 12:56:56,557 INFO 📝 Buffett говорит::    **ДЕЙСТВИЕ:** ДЕРЖАТЬ  
**УВЕРЕННОСТЬ:** 8  

**ОБОСНОВАНИЕ:**  
Сбербанк — системообразующий игрок с устойчивым рыночным доминированием, высокими барьерами для конкуренции и масштабной клиентской базой. Рост прибыли на 15% подтверждает эффективность управления и улучшение кредитного качества.  

Однако ключевая ставка 16% создает давление на спреды и может ограничить рост НРВ (нетто-процентного дохода) в краткосрочной перспективе. Тем не менее, Сбер лучше большинства российских банков адаптирован к высокоставочному окружению благодаря диверсификации бизнеса (СберМаркет, СберЗдоровье, экосистема сервисов).  

Финансовые показатели стабильны: ROE ~15–17%, умеренный уровень provisioning, контролируемый долг. Дивидендная политика прозрачная, выплаты составляют значительную часть чистой прибыли.  

При текущей цене и макро背景, акция не выглядит недооцененной для активных покупок, но и оснований для продажи нет — бизнес остается надежным и прибыльным. Лучше держать и наблюдать за развитием макрообстановки и динамикой просрочек.
2025-09-08 12:56:56,558 INFO ✅ Buffett решает:: HOLD SBER (уверенность: 8/10)
2025-09-08 12:56:56,559 INFO 💭 Trump: анализирует SBER...
2025-09-08 12:57:01,673 INFO HTTP Request: POST https://foundation-models.api.cloud.ru/v1/chat/completions "HTTP/1.1 200 OK"
2025-09-08 12:57:01,675 INFO 📝 Trump говорит::    ДЕЙСТВИЕ: ДЕРЖАТЬ  
УВЕРЕННОСТЬ: 7  

ОБОСНОВАНИЕ:  
Сбер — это крупнейший банк страны с доминирующей долей рынка, сильный бренд и мощная клиентская база. Рост прибыли на 15% демонстрирует устойчивость бизнеса даже в сложной макроэкономической среде. Однако высокая ключевая ставка (16%) давит на спрос на кредиты и может ограничить дальнейший рост доходов.  

Геополитические риски и санкции остаются серьезным фактором неопределенности, особенно в части международного сотрудничества и доступа к зарубежным рынкам. Тем не менее, Сбер хорошо адаптирован к внутренним условиям и продолжает генерировать прибыль.  

При текущих условиях я бы не стал активно накапливать позицию, но и избавляться от сильного игрока на рынке тоже не стоит. Лучше держать и следить за развитием ситуации.
2025-09-08 12:57:01,676 INFO ✅ Trump решает:: HOLD SBER (уверенность: 7/10)
2025-09-08 12:57:01,676 INFO 💭 Dalio: анализирует SBER...
2025-09-08 12:57:07,511 INFO HTTP Request: POST https://foundation-models.api.cloud.ru/v1/chat/completions "HTTP/1.1 200 OK"
2025-09-08 12:57:07,515 INFO 📝 Dalio говорит::    **ДЕЙСТВИЕ:** ДЕРЖАТЬ  
**УВЕРЕННОСТЬ:** 7  

**ОБОСНОВАНИЕ:**  
Сбербанк остаётся системообразующим игроком в российской финансовой системе с высокой долей рынка и устойчивыми конкурентными преимуществами. Рост прибыли на 15% демонстрирует эффективность управления и восстановление качества кредитного портфеля. Однако позитив частично закладывается в цену из-за уже высокой оценки банковского сектора.

Повышение ключевой ставки ЦБ до 16% усиливает спреды и поддерживает доходность активов, что позитивно для банков. Но одновременно это давит на экономику, увеличивая кредитные риски в перспективе. Валютные ограничения и регуляторные риски остаются значимыми факторами неопределённости.

Фундаментальная прочность бизнеса и defensive-характер актива поддерживают статус "держать". Агрессивных действий (покупка/продажа) не требуется — ситуация требует наблюдения за макрофоном и динамикой просрочек.
2025-09-08 12:57:07,516 INFO ✅ Dalio решает:: HOLD SBER (уверенность: 7/10)
2025-09-08 12:57:07,516 INFO : 
🎯 СОВЕЩАНИЕ ЗАВЕРШЕНО
2025-09-08 12:57:07,516 INFO : 📋 Получено 18 мнений от агентов
2025-09-08 12:57:07,517 INFO 📋 Решения агентов на 2025-09-06:
2025-09-08 12:57:07,517 INFO   🔴 SMLT: SELL (уверенность: 7.3/10)
2025-09-08 12:57:07,519 INFO   🟡 NVTK: HOLD (уверенность: 7.3/10)
2025-09-08 12:57:07,519 INFO   🟡 LKOH: HOLD (уверенность: 7.3/10)
2025-09-08 12:57:07,519 INFO   🟡 GAZP: HOLD (уверенность: 7.0/10)
2025-09-08 12:57:07,519 INFO   🟡 YDEX: HOLD (уверенность: 6.7/10)
2025-09-08 12:57:07,519 INFO   🟡 SBER: HOLD (уверенность: 7.3/10)
2025-09-08 12:57:07,519 INFO Получили решения агентов для 2025-09-06
2025-09-08 12:57:07,519 INFO Применяем решения и обновляем портфель для 2025-09-06
2025-09-08 12:57:07,519 INFO Применили решения и обновлили портфель для 2025-09-06
2025-09-08 12:57:07,519 INFO Обновили накопленный PnL для 2025-09-06
2025-09-08 12:57:07,520 INFO Логируем результаты дня для 2025-09-06
2025-09-08 12:57:07,520 INFO Логируем результаты за день для 2025-09-06
2025-09-08 12:57:07,520 INFO Вычисляем текущую стоимость портфеля для 2025-09-06
2025-09-08 12:57:07,521 INFO : 📊 2025-09-06: Результаты дня
💰 PnL за день: 3,085.50 ₽ (+1.10%)
📈 Общий PnL: 5,896.00 ₽ (+2.16%)
💼 Стоимость портфеля: 279,266.50 ₽
Детали по тикерам:
  🟡 SBER: 310.50 → 310.13 ₽ (-0.12%) | HOLD (уверенность: 7.3/10)
  🟡 GAZP: 132.00 → 131.92 ₽ (-0.06%) | HOLD (уверенность: 7.0/10)
  🟡 LKOH: 6472.00 → 6476.50 ₽ (+0.07%) | HOLD (уверенность: 7.3/10)
  🟡 NVTK: 1243.20 → 1243.60 ₽ (+0.03%) | HOLD (уверенность: 7.3/10)
  🟡 YDEX: 4342.00 → 4354.00 ₽ (+0.28%) | HOLD (уверенность: 6.7/10)
  🔴 SMLT: 1194.00 → 1193.00 ₽ (-0.08%) | SELL (уверенность: 7.3/10)

2025-09-08 12:57:07,522 INFO ──────────────────────────────────────────────────
2025-09-08 12:57:07,523 INFO 📅 Обрабатываем день: 2025-09-07
2025-09-08 12:57:07,523 INFO Получаем решения агентов для 2025-09-07
2025-09-08 12:57:07,523 INFO 🤖 Агенты обсуждают портфель на 2025-09-07
2025-09-08 12:57:07,523 INFO : 
🏛️ НАЧИНАЕТСЯ СОВЕЩАНИЕ ИНВЕСТИЦИОННОГО КОМИТЕТА
2025-09-08 12:57:07,524 INFO : 📊 Анализируем 6 тикеров: GAZP, LKOH, NVTK, SBER, SMLT, YDEX
2025-09-08 12:57:07,524 INFO : 👥 Участники: Buffett, Trump, Dalio
2025-09-08 12:57:07,524 INFO : 
📈 ОБСУЖДЕНИЕ ТИКЕРА 1/6: SMLT
2025-09-08 12:57:07,524 INFO 💭 Buffett: анализирует SMLT...
2025-09-08 12:57:16,245 INFO HTTP Request: POST https://foundation-models.api.cloud.ru/v1/chat/completions "HTTP/1.1 200 OK"
2025-09-08 12:57:16,248 INFO 📝 Buffett говорит::    ДЕЙСТВИЕ: **ДЕРЖАТЬ**  
УВЕРЕННОСТЬ: **6**  
ОБОСНОВАНИЕ:  
Резкое падение акций SMLT указывает на серьезные рыночные опасения, возможно связанные с ухудшением макроэкономической среды (рост ставок, снижение доступности ипотеки). Однако компания уже находится в портфеле ниже средней цены покупки, что создает буфер для потенциального восстановления.  

Ключевые риски:  
- Слабый спрос на жилье из-за высоких ставок  
- Возможное ухудшение финансового состояния девелоперов  
- Негативный инвесторский_sentiment  

Плюсы:  
- Наличие льготных продаж ранее может частично компенсировать текущие потери  
- Возможно, компания имеет устойчивые позиции в нише или регионе  

Решение "держать" обосновано тем, что при такой высокой волатильности и отсутствии четкой информации о фундаментальных изменениях в бизнесе лучше дождаться стабилизации ситуации и анализа следующих отчетов. Продавать сейчас — значит зафиксировать убыток при эмоциях, а не по фундаментальным причинам.
2025-09-08 12:57:16,249 INFO ✅ Buffett решает:: HOLD SMLT (уверенность: 6/10)
2025-09-08 12:57:16,249 INFO 💭 Trump: анализирует SMLT...
2025-09-08 12:57:22,077 INFO HTTP Request: POST https://foundation-models.api.cloud.ru/v1/chat/completions "HTTP/1.1 200 OK"
2025-09-08 12:57:22,079 INFO 📝 Trump говорит::    ДЕЙСТВИЕ: **ПРОДАТЬ**  
УВЕРЕННОСТЬ: **8**  
ОБОСНОВАНИЕ:  
Резкий обвал акций SMLT с 4000 до 1000 рублей — тревожный сигнал. Массовая распродажа бумаг инсайдерами или крупными инвесторами указывает на серьезные проблемы внутри компании или отрасли. Факторы, такие как снижение доступности ипотеки после повышения ключевой ставки, негативно влияют на спрос в сегменте недвижимости, что особенно критично для девелоперов.  

При наличии уже убытков (цена покупки 1100 руб.) и отсутствии четкой позитивной динамики — разумнее выйти из позиции и сохранить капитал. Политические и экономические риски в России остаются высокими, а девелопмент — крайне чувствительная отрасль. Не время держать слабые активы в портфеле.
2025-09-08 12:57:22,080 INFO ✅ Trump решает:: SELL SMLT (уверенность: 8/10)
2025-09-08 12:57:22,081 INFO 💭 Dalio: анализирует SMLT...
2025-09-08 12:57:29,300 INFO HTTP Request: POST https://foundation-models.api.cloud.ru/v1/chat/completions "HTTP/1.1 200 OK"
2025-09-08 12:57:29,303 INFO 📝 Dalio говорит::    ДЕЙСТВИЕ: **ПРОДАТЬ**  
УВЕРЕННОСТЬ: **8**  
ОБОСНОВАНИЕ:  
Резкое падение цены акций SMLT (с 4000 до 1000 руб.) указывает на серьезные фундаментальные проблемы или потерю доверия инвесторов. Массовая распродажа бумаг — сигнал негативного рыночного сценария. Учитывая, что основной бизнес компании связан с недвижимостью, повышение ключевой ставки ЦБ РФ существенно снижает доступность ипотеки, что напрямую влияет на объемы продаж. Льготные условия больше не поддерживают спрос. Это структурный риск для бизнес-модели. При текущей волатильности и слабой макроэкономической среде для сектора недвижимости, удержание или усреднение позиции не оправдано. Лучше выйти из позиции и пересмотреть инвестиционную привлекательность после стабилизации ситуации.
2025-09-08 12:57:29,304 INFO ✅ Dalio решает:: SELL SMLT (уверенность: 8/10)
2025-09-08 12:57:29,304 INFO : 
📈 ОБСУЖДЕНИЕ ТИКЕРА 2/6: NVTK
2025-09-08 12:57:29,305 INFO 💭 Buffett: анализирует NVTK...
2025-09-08 12:57:37,127 INFO HTTP Request: POST https://foundation-models.api.cloud.ru/v1/chat/completions "HTTP/1.1 200 OK"
2025-09-08 12:57:37,129 INFO 📝 Buffett говорит::    ДЕЙСТВИЕ: **ДЕРЖАТЬ**  
УВЕРЕННОСТЬ: **8**

**ОБОСНОВАНИЕ:**  
Новатэк — одна из самых эффективных и технологически продвинутых компаний в газовой отрасли России, с устойчивыми конкурентными преимуществами, включая доступ к ресурсной базе и низкую себестоимость добычи. Запуск новой линии СПГ подтверждает операционную дисциплину и способность наращивать объемы производства, что положительно скажется на денежных потоках в долгосрочной перспективе.

Финансовые показатели компании остаются сильными: высокая рентабельность капитала (ROE), умеренный уровень долга и стабильная дивидендная политика делают NVTK привлекательной для инвесторов, ориентированных на доход. Однако текущая рыночная стоимость может частично учитывать эти достижения, а макроэкономические и геополитические риски ограничивают upside.

При наличии уже открытой позиции с хорошей средней ценой (1200 руб.) и наличии дивидендного дохода, разумнее удерживать акции и наблюдать за дальнейшим развитием ситуации в отрасли и глобальном газовом рынке.
2025-09-08 12:57:37,130 INFO ✅ Buffett решает:: HOLD NVTK (уверенность: 8/10)
2025-09-08 12:57:37,130 INFO 💭 Trump: анализирует NVTK...
2025-09-08 12:57:43,447 INFO HTTP Request: POST https://foundation-models.api.cloud.ru/v1/chat/completions "HTTP/1.1 200 OK"
2025-09-08 12:57:43,450 INFO 📝 Trump говорит::    ДЕЙСТВИЕ: **ДЕРЖАТЬ**  
УВЕРЕННОСТЬ: **7**  
ОБОСНОВАНИЕ:  
Новатэк — один из сильнейших игроков в газовой отрасли, с четкой экспортной ориентацией и крупными проектами, как Ямал СПГ. Запуск новой линии увеличивает производственные мощности и подтверждает операционную эффективность компании — это плюс. Однако риски остаются высокими: санкции ограничивают доступ к международным рынкам и технологиям, валютные колебания давят на финансовые результаты, а зависимость от внешнеполитической ситуации значительна. Российский бизнес сталкивается с долгосрочной нестабильностью, что снижает привлекательность даже для сильных игроков. При имеющейся позиции (15 акций по 1200 руб.) — держать, но новых покупок не рекомендовать до прояснения геополитической обстановки.
2025-09-08 12:57:43,450 INFO ✅ Trump решает:: HOLD NVTK (уверенность: 7/10)
2025-09-08 12:57:43,450 INFO 💭 Dalio: анализирует NVTK...
2025-09-08 12:57:52,259 INFO HTTP Request: POST https://foundation-models.api.cloud.ru/v1/chat/completions "HTTP/1.1 200 OK"
2025-09-08 12:57:52,262 INFO 📝 Dalio говорит::    ДЕЙСТВИЕ: **ДЕРЖАТЬ**  
УВЕРЕННОСТЬ: **7**

**ОБОСНОВАНИЕ:**  
Новатэк — ключевой игрок в секторе СПГ с уникальной экспозицией к арктическим проектам. Запуск новой линии Ямал СПГ подтверждает операционную дисциплину и способность наращивать объемы, что положительно влияет на долгосрочные перспективы.  

Однако текущая оценка уже учитывает значительную часть этого роста. Акции демонстрируют высокую волатильность, связанную с внешнеполитической напряженностью, санкционными рисками и зависимостью от цен на газ и рублево-долларного курса.  

С точки зрения аллокации:  
- Экономика РФ находится в состоянии стагнации с ограниченным потенциалом для внутреннего спроса.  
- Энергетический сектор перегружен в портфеле большинства инвесторов, что усиливает корреляционные риски.  
- NVTK имеет высокую чувствительность к глобальным ценам на энергоносители и торговой политике ЕС/Азии.  

При наличии позиции — удержание оправдано благодаря фундаментальной силе бизнес-модели. Но новые покупки требуют более привлекательной точки входа или снижения макрорисков.
2025-09-08 12:57:52,265 INFO ✅ Dalio решает:: HOLD NVTK (уверенность: 7/10)
2025-09-08 12:57:52,266 INFO : 
📈 ОБСУЖДЕНИЕ ТИКЕРА 3/6: LKOH
2025-09-08 12:57:52,266 INFO 💭 Buffett: анализирует LKOH...
2025-09-08 12:58:01,781 INFO HTTP Request: POST https://foundation-models.api.cloud.ru/v1/chat/completions "HTTP/1.1 200 OK"
2025-09-08 12:58:01,782 INFO 📝 Buffett говорит::    ДЕЙСТВИЕ: **ДЕРЖАТЬ**  
УВЕРЕННОСТЬ: **8**

**ОБОСНОВАНИЕ:**  
Лукойл — одна из наиболее эффективных вертикально интегрированных нефтегазовых компаний с устойчивыми конкурентными преимуществами, высокой рентабельностью и значительными барьерами для входа в отрасль. Компания имеет стабильную дивидендную политику, генерирует сильный свободный денежный поток и демонстрирует дисциплину в управлении капиталом.

Инвестиции в возобновляемую энергетику говорят о стратегической адаптации к изменению энергетической парадигмы, что снижает долгосрочные риски зависимости от ископаемого топлива. Это разумный шаг для диверсификации и устойчивости бизнеса.

Падение цен на нефть влияет на краткосрочные результаты, но Лукойл способен выдерживать циклические колебания благодаря низкой себестоимости добычи и операционной эффективности. При текущих ценах компания остаётся недооцененной относительно своих активов и заработанных средств.

Продажа нецелесообразна — это качественная компания с умеренной долей долга и высокой доходностью капитала. Покупка может быть рассмотрена при более глубокой коррекции, но в целом позиция заслуживает удержания.
2025-09-08 12:58:01,783 INFO ✅ Buffett решает:: HOLD LKOH (уверенность: 8/10)
2025-09-08 12:58:01,783 INFO 💭 Trump: анализирует LKOH...
2025-09-08 12:58:07,094 INFO HTTP Request: POST https://foundation-models.api.cloud.ru/v1/chat/completions "HTTP/1.1 200 OK"
2025-09-08 12:58:07,097 INFO 📝 Trump говорит::    ДЕЙСТВИЕ: ДЕРЖАТЬ  
УВЕРЕННОСТЬ: 7  

ОБОСНОВАНИЕ:  
Лукойл — сильный бренд с доминирующей позицией на рынке. Компания демонстрирует адаптацию к трендам, инвестируя в возобновляемую энергетику, что снижает долгосрочные риски. Однако краткосрочное давление со стороны падения цен на нефть и санкционного фона снижает аппетит к риску. Политические и валютные риски остаются высокими, но компания стабильна и диверсифицирована. При текущих условиях лучше держать позицию — ждать более четкой картины по нефтяному рынку и геополитике.
2025-09-08 12:58:07,098 INFO ✅ Trump решает:: HOLD LKOH (уверенность: 7/10)
2025-09-08 12:58:07,098 INFO 💭 Dalio: анализирует LKOH...
2025-09-08 12:58:16,061 INFO HTTP Request: POST https://foundation-models.api.cloud.ru/v1/chat/completions "HTTP/1.1 200 OK"
2025-09-08 12:58:16,064 INFO 📝 Dalio говорит::    ДЕЙСТВИЕ: **ДЕРЖАТЬ**  
УВЕРЕННОСТЬ: **7**

**ОБОСНОВАНИЕ:**  
LKOH — ключевой актив в энергетическом секторе России, сильно коррелирует с ценами на нефть и макроэкономической стабильностью страны.  

**Плюсы:**  
- Диверсификация бизнеса: инвестиции в ВИЭ ($50 млрд руб до 2030) снижают долгосрочные риски зависимости от нефти.  
- Устойчивый операционный кэш-генерейтинг и дивидендная политика.  

**Минусы:**  
- Краткосрочное давление: падение цен на нефть (-3%) негативно влияет на оценку.  
- Высокая чувствительность к внешним санкционным рискам и валютной волатильности.  

**Риск-менеджмент:**  
Портфельная позиция (25 акций по 6500 руб) требует наблюдения за динамикой сектора и макрофоном. При дальнейшем укреплении рубля и росте нефти — можно удерживать.  

**Вывод:**  
Продажа преждевременна, рост потенциал ограничен краткосрочной волатильностью нефтяного рынка. Но стратегическая перезагрузка бизнеса добавляет ценности. Поэтому — **держать**.
2025-09-08 12:58:16,065 INFO ✅ Dalio решает:: HOLD LKOH (уверенность: 7/10)
2025-09-08 12:58:16,066 INFO : 
📈 ОБСУЖДЕНИЕ ТИКЕРА 4/6: GAZP
2025-09-08 12:58:16,066 INFO 💭 Buffett: анализирует GAZP...
2025-09-08 12:58:22,929 INFO HTTP Request: POST https://foundation-models.api.cloud.ru/v1/chat/completions "HTTP/1.1 200 OK"
2025-09-08 12:58:22,932 INFO 📝 Buffett говорит::    **ДЕЙСТВИЕ:** ДЕРЖАТЬ  
**УВЕРЕННОСТЬ:** 7  

**ОБОСНОВАНИЕ:**  
Газпром остается ключевым игроком в энергетическом секторе с устойчивыми активами и значительной долей мирового рынка газа. Рост экспорта в Китай — позитивный фактор, демонстрирующий диверсификацию направлений поставок и снижение зависимости от европейского рынка. Однако риск дальнейшего сокращения поставок в Европу создает неопределенность.  

Финансовые показатели стабильные, дивиденды attractive, но перспективы роста ограничены из-за структурных изменений в глобальной энергетике и геополитических рисков. Компания имеет умеренный уровень долга, ROE находится на приемлемом уровне, однако темпы роста прибыли — низкие.  

При текущей цене и наличии позиции — логично удерживать, но новые инвестиции требуют более пристального анализа рисков.
2025-09-08 12:58:22,932 INFO ✅ Buffett решает:: HOLD GAZP (уверенность: 7/10)
2025-09-08 12:58:22,933 INFO 💭 Trump: анализирует GAZP...
2025-09-08 12:58:28,918 INFO HTTP Request: POST https://foundation-models.api.cloud.ru/v1/chat/completions "HTTP/1.1 200 OK"
2025-09-08 12:58:28,920 INFO 📝 Trump говорит::    ДЕЙСТВИЕ: **ДЕРЖАТЬ**  
УВЕРЕННОСТЬ: **7**

**ОБОСНОВАНИЕ:**  
GAZP — это классический пример государственной компании с доминирующей позицией на внутреннем рынке и значительной зависимостью от экспорта. Увеличение поставок в Китай — плюс, но снижение объемов в Европе создает давление на доходы. Геополитические риски и санкции остаются высокими, что ограничивает upside для иностранных инвесторов. В условиях нестабильной внешней политики и валютных рисков я бы не стал активно наращивать позицию, но полностью распродавать тоже не стоит — компания остается ключевым активом российской энергетики. При текущих условиях — держим, но с осторожностью.
2025-09-08 12:58:28,921 INFO ✅ Trump решает:: HOLD GAZP (уверенность: 7/10)
2025-09-08 12:58:28,921 INFO 💭 Dalio: анализирует GAZP...
2025-09-08 12:58:37,670 INFO HTTP Request: POST https://foundation-models.api.cloud.ru/v1/chat/completions "HTTP/1.1 200 OK"
2025-09-08 12:58:37,673 INFO 📝 Dalio говорит::    **ДЕЙСТВИЕ:** ДЕРЖАТЬ  
**УВЕРЕННОСТЬ:** 7  

**ОБОСНОВАНИЕ:**  
GAZP находится в структурном сдвиге: рост экспорта в Азию (особенно в Китай) частично компенсирует падение поставок в Европу. Однако ключевые риски остаются:  
- **Геополитическое давление** ограничивает доступ к западным рынкам и технологиям.  
- **Валютные риски**: несмотря на экспорт, слабость рубля увеличивает издержки в пересчете на доллары.  
- **Регулирование и санкции** могут повлиять на логистику и цены.  

С точки зрения цикличности:  
- Газ — товар defensive growth, но для GAZP он стал более cyclical из-за изменений в маршрутах экспорта.  
- Доходность высока, но волатильность и риски выше, чем у диверсифицированных глобальных энергетиков.  

**Вывод:**  
Компания остается системообразующей, с устойчивыми дивидендами и значимой долей в азиатском направлении. Однако масштаб диверсификации ограничен, а риски концентрации высоки. Продажа сейчас может быть преждевременной, но и усреднение без чёткого понимания трендов — опасно.  

**Рекомендация:**  
Держать текущую позицию, но не наращивать. Мониторить динамику поставок в Китай и уровень дивидендной политики.
2025-09-08 12:58:37,674 INFO ✅ Dalio решает:: HOLD GAZP (уверенность: 7/10)
2025-09-08 12:58:37,674 INFO : 
📈 ОБСУЖДЕНИЕ ТИКЕРА 5/6: YDEX
2025-09-08 12:58:37,674 INFO 💭 Buffett: анализирует YDEX...
2025-09-08 12:58:44,892 INFO HTTP Request: POST https://foundation-models.api.cloud.ru/v1/chat/completions "HTTP/1.1 200 OK"
2025-09-08 12:58:44,894 INFO 📝 Buffett говорит::    ДЕЙСТВИЕ: **ДЕРЖАТЬ**  
УВЕРЕННОСТЬ: **7**

**ОБОСНОВАНИЕ:**  
Yandex (YDEX) — компания с сильной бизнес-моделью, доминирующей позицией в поиске и цифровых сервисах в России. Инвестиции в ИИ (30 млрд руб.) указывают на стратегическую направленность на будущее и усиление технологического ребрендинга. Однако риски связаны с нестабильной макрообстановкой, возможным усилением регулирования и сложностями с корпоративным управлением.

Финансово компания генерирует стабильный операционный cash flow, имеет низкий уровень долга. Дивидендная политика — умеренная, основной фокус на реинвестировании. Отрасль IT в целом защищена от инфляции, но подвержена регуляторным рискам.

При текущей цене и учитывая волатильность сектора, YDEX — скорее держать, чем активно наращивать или продавать. Возможности для роста есть, но требуют пристального внимания к развитию событий.
2025-09-08 12:58:44,895 INFO ✅ Buffett решает:: HOLD YDEX (уверенность: 7/10)
2025-09-08 12:58:44,895 INFO 💭 Trump: анализирует YDEX...
2025-09-08 12:58:52,337 INFO HTTP Request: POST https://foundation-models.api.cloud.ru/v1/chat/completions "HTTP/1.1 200 OK"
2025-09-08 12:58:52,340 INFO 📝 Trump говорит::    ДЕЙСТВИЕ: **ДЕРЖАТЬ**  
УВЕРЕННОСТЬ: **6**

ОБОСНОВАНИЕ:  
Яндекс — сильный российский технологический бренд с доминирующей позицией в поиске и онлайн-сервисах. Инвестиции в ИИ (30 млрд руб.) показывают стратегическую направленность на будущее и усиление конкурентных преимуществ. Однако растущее регулирование IT-сектора создает значительные риски, особенно в условиях нестабильной геополитической обстановки.  

Санкционные ограничения и возможные изменения законодательства снижают привлекательность для долгосрочных инвестиций. В то же время компания демонстрирует адаптацию и инновационную активность.  

При текущей цене и позиции имеет смысл **держать**, но не увеличивать exposure. Если появятся четкие признаки ослабления регулирования или расширения экспортного потенциала — можно будет пересмотреть в сторону покупки.
2025-09-08 12:58:52,342 INFO ✅ Trump решает:: HOLD YDEX (уверенность: 6/10)
2025-09-08 12:58:52,343 INFO 💭 Dalio: анализирует YDEX...
2025-09-08 12:58:59,639 INFO HTTP Request: POST https://foundation-models.api.cloud.ru/v1/chat/completions "HTTP/1.1 200 OK"
2025-09-08 12:58:59,640 INFO 📝 Dalio говорит::    **ДЕЙСТВИЕ:** ДЕРЖАТЬ  
**УВЕРЕННОСТЬ:** 6  

**ОБОСНОВАНИЕ:**  
YDEX (Яндекс) — компания с сильной экспозцией к внутреннему рынку и регулируемому IT-сектору. Инвестиции в ИИ (30 млрд руб.) указывают на стратегическую перспективу, но эффект от этих вложений будет реализован только в долгосрочной перспективе.  

Регулирование IT-сектора создает значительный уровень неопределенности и может привести к дополнительным ограничениям или налогам, что давит на маржу и потенциал роста.  

С текущей позицией (средняя цена 4500 руб.) вы уже в плюсе, если акция торгуется выше этого уровня. Однако из-за высокой волатильности рубля, давления со стороны регулирования и концентрации риска в одной компании и секторе — умеренная диверсификация и хеджирование валютной позиции были бы разумны.  

Пока нет четких сигналов ни для активного накопления, ни для выхода. Компания имеет технологии и рыночную долю, но риски выше среднего. Поэтому — **держать**, с возможностью ребалансировки при усилении негативных макро- или секторальных трендов.
2025-09-08 12:58:59,641 INFO ✅ Dalio решает:: HOLD YDEX (уверенность: 6/10)
2025-09-08 12:58:59,644 INFO : 
📈 ОБСУЖДЕНИЕ ТИКЕРА 6/6: SBER
2025-09-08 12:58:59,644 INFO 💭 Buffett: анализирует SBER...
2025-09-08 12:59:08,136 INFO HTTP Request: POST https://foundation-models.api.cloud.ru/v1/chat/completions "HTTP/1.1 200 OK"
2025-09-08 12:59:08,138 INFO 📝 Buffett говорит::    **ДЕЙСТВИЕ:** ДЕРЖАТЬ  
**УВЕРЕННОСТЬ:** 8  

**ОБОСНОВАНИЕ:**  
Сбербанк — системообразующий игрок с устойчивым рыночным доминированием, высокими барьерами для конкуренции и масштабной клиентской базой. Рост прибыли на 15% демонстрирует эффективность управления и улучшение кредитного качества. Банк генерирует стабильный свободный денежный поток и имеет значительный потенциал по возврату избыточного капитала через дивиденды.

Однако текущие макроэкономические риски (повышение ставки до 16%, давление на спрос, замедление экономики) создают неопределенность вокруг дальнейшего роста кредитного портфеля и маржинальности. Это ограничивает upside в краткосрочной перспективе.

Фундаментально компания остается привлекательной как защита от инфляции и как оператор крупнейшей платежной экосистемы в России. Но при уже высокой доле в портфеле и умеренной недооценке — повода для усреднения или добавления нет. Лучше дождаться более ясной макрообстановки или интересной точки входа.
2025-09-08 12:59:08,140 INFO ✅ Buffett решает:: HOLD SBER (уверенность: 8/10)
2025-09-08 12:59:08,140 INFO 💭 Trump: анализирует SBER...
2025-09-08 12:59:16,536 INFO HTTP Request: POST https://foundation-models.api.cloud.ru/v1/chat/completions "HTTP/1.1 200 OK"
2025-09-08 12:59:16,539 INFO 📝 Trump говорит::    ДЕЙСТВИЕ: ДЕРЖАТЬ  
УВЕРЕННОСТЬ: 7  

ОБОСНОВАНИЕ:  
Сбер — это сильный бренд и системообразующий банк России, с устойчивой рыночной позицией и высокой долей рынка. Рост прибыли на 15% демонстрирует финансовую устойчивость даже в условиях жесткой макроэкономической политики. Однако ключевая ставка в 16% сигнализирует о сложной экономической среде, что давит на спрос на кредиты и может ограничить дальнейший рост доходности.  

Геополитические риски и санкции остаются серьезным фактором неопределенности, особенно в долгосрочной перспективе. Экспортные возможности практически отсутствуют, бизнес зависит от внутреннего рынка и регулирования со стороны государства.  

При этом Сбер — ликвидная бумага, и его нельзя недооценивать как инструмент краткосрочной торговли или выжидания на фоне нестабильности. Но покупать дополнительные позиции пока рано — слишком высока внешняя неопределённость. Продавать тоже смысла нет: компания держится стабильно, дивиденды платит.  

Поэтому — **держать**.
2025-09-08 12:59:16,540 INFO ✅ Trump решает:: HOLD SBER (уверенность: 7/10)
2025-09-08 12:59:16,540 INFO 💭 Dalio: анализирует SBER...
2025-09-08 12:59:24,624 INFO HTTP Request: POST https://foundation-models.api.cloud.ru/v1/chat/completions "HTTP/1.1 200 OK"
2025-09-08 12:59:24,627 INFO 📝 Dalio говорит::    **ДЕЙСТВИЕ:** ДЕРЖАТЬ  
**УВЕРЕННОСТЬ:** 7  

**ОБОСНОВАНИЕ:**  
Сбербанк — системообразующий актив российской финансовой системы, обладает высокой чувствительностью к макроэкономическим условиям. Рост прибыли на 15% демонстрирует устойчивость бизнеса в условиях жесткой денежно-кредитной политики. Однако повышение ключевой ставки ЦБ до 16% усиливает давление на спрос на кредиты и может ограничить дальнейший рост маржинальности.  

Банк эффективно управляет кредитным риском и снижает просроченную задолженность, что поддерживает качество активов. Тем не менее, высокие ставки и внешние санкционные ограничения создают среднесрочные риски для расширения бизнеса.  

В текущей позиции (средняя цена 250.5 руб.) акции находятся в зоне умеренной недооценки с точки зрения фундаментальных метрик, но потенциал роста ограничен из-за макроэкономической неопределенности. Продажа нецелесообразна, так как SBER остается ликвидным и относительно надежным активом внутри рублевой корзины.  

Рекомендация "держать" отражает баланс между фундаментальной стабильностью и_macro рисками.
2025-09-08 12:59:24,628 INFO ✅ Dalio решает:: HOLD SBER (уверенность: 7/10)
2025-09-08 12:59:24,628 INFO : 
🎯 СОВЕЩАНИЕ ЗАВЕРШЕНО
2025-09-08 12:59:24,629 INFO : 📋 Получено 18 мнений от агентов
2025-09-08 12:59:24,629 INFO 📋 Решения агентов на 2025-09-07:
2025-09-08 12:59:24,629 INFO   🔴 SMLT: SELL (уверенность: 7.3/10)
2025-09-08 12:59:24,629 INFO   🟡 NVTK: HOLD (уверенность: 7.3/10)
2025-09-08 12:59:24,629 INFO   🟡 LKOH: HOLD (уверенность: 7.3/10)
2025-09-08 12:59:24,629 INFO   🟡 GAZP: HOLD (уверенность: 7.0/10)
2025-09-08 12:59:24,630 INFO   🟡 YDEX: HOLD (уверенность: 6.3/10)
2025-09-08 12:59:24,630 INFO   🟡 SBER: HOLD (уверенность: 7.3/10)
2025-09-08 12:59:24,630 INFO Получили решения агентов для 2025-09-07
2025-09-08 12:59:24,630 INFO Применяем решения и обновляем портфель для 2025-09-07
2025-09-08 12:59:24,630 INFO Применили решения и обновлили портфель для 2025-09-07
2025-09-08 12:59:24,631 INFO Обновили накопленный PnL для 2025-09-07
2025-09-08 12:59:24,631 INFO Логируем результаты дня для 2025-09-07
2025-09-08 12:59:24,631 INFO Логируем результаты за день для 2025-09-07
2025-09-08 12:59:24,631 INFO Вычисляем текущую стоимость портфеля для 2025-09-07
2025-09-08 12:59:24,631 INFO : 📊 2025-09-07: Результаты дня
💰 PnL за день: 3,346.50 ₽ (+1.18%)
📈 Общий PnL: 9,242.50 ₽ (+3.38%)
💼 Стоимость портфеля: 282,613.00 ₽
Детали по тикерам:
  🟡 SBER: 310.13 → 310.69 ₽ (+0.18%) | HOLD (уверенность: 7.3/10)
  🟡 GAZP: 131.92 → 132.30 ₽ (+0.29%) | HOLD (уверенность: 7.0/10)
  🟡 LKOH: 6476.00 → 6484.50 ₽ (+0.13%) | HOLD (уверенность: 7.3/10)
  🟡 NVTK: 1244.00 → 1240.00 ₽ (-0.32%) | HOLD (уверенность: 7.3/10)
  🟡 YDEX: 4354.00 → 4356.00 ₽ (+0.05%) | HOLD (уверенность: 6.3/10)
  🔴 SMLT: 1193.00 → 1195.00 ₽ (+0.17%) | SELL (уверенность: 7.3/10)

2025-09-08 12:59:24,632 INFO ──────────────────────────────────────────────────
2025-09-08 12:59:24,632 INFO 📅 Обрабатываем день: 2025-09-08
2025-09-08 12:59:24,633 INFO Получаем решения агентов для 2025-09-08
2025-09-08 12:59:24,633 INFO 🤖 Агенты обсуждают портфель на 2025-09-08
2025-09-08 12:59:24,633 INFO : 
🏛️ НАЧИНАЕТСЯ СОВЕЩАНИЕ ИНВЕСТИЦИОННОГО КОМИТЕТА
2025-09-08 12:59:24,633 INFO : 📊 Анализируем 6 тикеров: GAZP, LKOH, NVTK, SBER, SMLT, YDEX
2025-09-08 12:59:24,633 INFO : 👥 Участники: Buffett, Trump, Dalio
2025-09-08 12:59:24,633 INFO : 
📈 ОБСУЖДЕНИЕ ТИКЕРА 1/6: SMLT
2025-09-08 12:59:24,634 INFO 💭 Buffett: анализирует SMLT...
2025-09-08 12:59:32,477 INFO HTTP Request: POST https://foundation-models.api.cloud.ru/v1/chat/completions "HTTP/1.1 200 OK"
2025-09-08 12:59:32,479 INFO 📝 Buffett говорит::    ДЕЙСТВИЕ: **ДЕРЖАТЬ**  
УВЕРЕННОСТЬ: **6**

**ОБОСНОВАНИЕ:**  
Резкое падение акций SMLT указывает на серьезные рыночные опасения, вероятно связанные с ухудшением макроэкономической среды (рост ставок, снижение доступности ипотеки) и спецификой бизнес-модели компании — зависимостью от объемов продаж жилья по льготным программам. Это создает неопределенность относительно будущих доходов.

Тем не менее, текущая цена (**~1000 руб.**) при средней покупки **1100 руб.** почти на уровне безубыточности — уже отражает большую часть негатива. Если компания имеет устойчивый баланс, дивидендную дисциплину и способна генерировать cash-flow даже в худших условиях, то дальнейшее падение может быть ограничено. Однако без детального анализа отчетности и понимания долга, маржинальности и качества девелоперского портфеля — принимать решение о покупке рано.

Продавать также нет смысла, если вы готовы держать позицию при потенциальной волатильности. Возможно, это временная коррекция из-за внешних факторов, а не фундаментальная проблема бизнеса. Но требует пристального внимания к следующим отчетам.
2025-09-08 12:59:32,479 INFO ✅ Buffett решает:: HOLD SMLT (уверенность: 6/10)
2025-09-08 12:59:32,479 INFO 💭 Trump: анализирует SMLT...
2025-09-08 12:59:37,729 INFO HTTP Request: POST https://foundation-models.api.cloud.ru/v1/chat/completions "HTTP/1.1 200 OK"
2025-09-08 12:59:37,735 INFO 📝 Trump говорит::    ДЕЙСТВИЕ: **ПРОДАТЬ**  
УВЕРЕННОСТЬ: **8**  
ОБОСНОВАНИЕ:  
Резкий обвал акций SMLT с 4000 до 1000 рублей — классический сигнал о серьезных фундаментальных проблемах или потере доверия инвесторов. Массовая распродажа бумаги говорит о панике на рынке, что усиливает давление на цену. Компания, судя по всему, зависит от льготной ипотеки, которая теперь теряет свою привлекательность из-за повышения ключевой ставки ЦБ — это напрямую бьет по спросу. В текущей геополитической обстановке и с учетом высокой волатильности российского рынка, держать позицию в такой просадившейся бумаге — слишком рискованно. Лучше зафиксировать убытки и выйти.
2025-09-08 12:59:37,736 INFO ✅ Trump решает:: SELL SMLT (уверенность: 8/10)
2025-09-08 12:59:37,736 INFO 💭 Dalio: анализирует SMLT...
2025-09-08 12:59:46,304 INFO HTTP Request: POST https://foundation-models.api.cloud.ru/v1/chat/completions "HTTP/1.1 200 OK"
2025-09-08 12:59:46,306 INFO 📝 Dalio говорит::    ДЕЙСТВИЕ: **ПРОДАТЬ**  
УВЕРЕННОСТЬ: **8**  
ОБОСНОВАНИЕ:  
Резкое падение цены акций SMLT с 4000 до 1000 руб. указывает на серьезные фундаментальные проблемы или потерю доверия инвесторов. Массовая распродажа акций свидетельствует о негативном рыночном сценарии, который может быть связан с ухудшением финансового положения компании или отраслевыми рисками.  

Учитывая, что большинство квартир ранее продавалось по льготным ипотечным программам, повышение ключевой ставки ЦБ РФ негативно сказалось на спросе в секторе недвижимости, что может напрямую ударить по прибыли девелоперов, таких как SMLT.  

При текущей волатильности и высоком уровне неопределенности, даже наличие позиции ниже рыночной цены (средняя 1100 руб.) не компенсирует рисков дальнейшего падения. Лучшая стратегия — минимизация убытков через выход из позиции.  

Ключевые риски:  
- Продолжение оттока капитала  
- Ухудшение макроэкономической среды для бизнеса  
- Низкая ликвидность бумаги  

Рекомендация: зафиксировать убыток и пересмотреть инвестиционную привлекательность сектора в условиях нового_macro режима.
2025-09-08 12:59:46,307 INFO ✅ Dalio решает:: SELL SMLT (уверенность: 8/10)
2025-09-08 12:59:46,307 INFO : 
📈 ОБСУЖДЕНИЕ ТИКЕРА 2/6: NVTK
2025-09-08 12:59:46,307 INFO 💭 Buffett: анализирует NVTK...
2025-09-08 12:59:52,191 INFO HTTP Request: POST https://foundation-models.api.cloud.ru/v1/chat/completions "HTTP/1.1 200 OK"
2025-09-08 12:59:52,193 INFO 📝 Buffett говорит::    ДЕЙСТВИЕ: **ДЕРЖАТЬ**  
УВЕРЕННОСТЬ: **8**

**ОБОСНОВАНИЕ:**  
Новатэк — одна из ключевых компаний в секторе СПГ с уникальной экспертизой и контролем над полным циклом производства. Запуск новой линии Ямал СПГ подтверждает операционную дисциплину и способность наращивать мощности, что усиливает его позиции на глобальном рынке.  

Финансовые показатели стабильны, ROE выше среднего по отрасли, дивидендная политика умеренно ориентирована на доходность. Однако текущая оценка может быть близка к справедливой, а макроэкологическая чувствительность и регуляторные риски остаются.  

При наличии долга в портфеле и вере в долгосрочный спрос на СПГ — **держать**. Но новых покупок при нынешней цене не рекомендовал бы.
2025-09-08 12:59:52,194 INFO ✅ Buffett решает:: HOLD NVTK (уверенность: 8/10)
2025-09-08 12:59:52,195 INFO 💭 Trump: анализирует NVTK...
2025-09-08 12:59:58,386 INFO HTTP Request: POST https://foundation-models.api.cloud.ru/v1/chat/completions "HTTP/1.1 200 OK"
2025-09-08 12:59:58,389 INFO 📝 Trump говорит::    ДЕЙСТВИЕ: **ДЕРЖАТЬ**  
УВЕРЕННОСТЬ: **7**

ОБОСНОВАНИЕ:  
Новатэк — один из сильнейших игроков в газовой отрасли, с мощным активом в виде Ямал СПГ. Запуск новой линии увеличивает производство на 20%, что подтверждает операционную эффективность и способность расти. Однако:

- **Геополитические риски** и санкции ограничивают доступ к международным рынкам и технологиям.  
- **Валютные риски** остаются высокими из-за зависимости от курса рубля и экспортных операций.  
- **Зависимость от внешней политики**: любые изменения в отношениях РФ–Запад могут ударить по бизнесу.  

При этом компания демонстрирует устойчивость и технические достижения. В текущей ситуации я бы не стал добавлять позицию, но и продавать преждевременно тоже — проект стратегически важный и с хорошим потенциалом при стабилизации обстановки.

Пока держим.
2025-09-08 12:59:58,390 INFO ✅ Trump решает:: HOLD NVTK (уверенность: 7/10)
2025-09-08 12:59:58,390 INFO 💭 Dalio: анализирует NVTK...
2025-09-08 13:00:06,556 INFO HTTP Request: POST https://foundation-models.api.cloud.ru/v1/chat/completions "HTTP/1.1 200 OK"
2025-09-08 13:00:06,560 INFO 📝 Dalio говорит::    ДЕЙСТВИЕ: **ДЕРЖАТЬ**  
УВЕРЕННОСТЬ: **7**

**ОБОСНОВАНИЕ:**  
Новатэк — ключевой игрок в секторе СПГ с уникальной экспозицией к арктическим проектам. Запуск новой линии Ямал СПГ подтверждает операционную дисциплину и способность наращивать мощности, что положительно влияет на долгосрочные перспективы дивидендов и стоимости активов.

Однако текущая оценка уже отражает значительную часть этого потенциала: EV/EBITDA на уровне ~8–9x предполагает премию за качество и защиту от инфляции в энергетическом секторе. Учитывая внешние риски (санкции, доступ к технологиям, волатильность газовых цен), дальнейший рост требует более четких сигналов по экспорту и снижению операционных неопределенностей.

Ваша позиция с хорошей средней ценой (1200 руб.) имеет комфортный запас прочности. Продажа может быть рассмотрена при достижении P/E > 15x или при ухудшении макроусловий для экспорта СПГ. Сейчас — режим выжидания с фокусом на дивидендную доходность (~6–8% по текущей цене).
2025-09-08 13:00:06,560 INFO ✅ Dalio решает:: HOLD NVTK (уверенность: 7/10)
2025-09-08 13:00:06,560 INFO : 
📈 ОБСУЖДЕНИЕ ТИКЕРА 3/6: LKOH
2025-09-08 13:00:06,561 INFO 💭 Buffett: анализирует LKOH...
2025-09-08 13:00:13,672 INFO HTTP Request: POST https://foundation-models.api.cloud.ru/v1/chat/completions "HTTP/1.1 200 OK"
2025-09-08 13:00:13,676 INFO 📝 Buffett говорит::    ДЕЙСТВИЕ: **ДЕРЖАТЬ**  
УВЕРЕННОСТЬ: **8**

ОБОСНОВАНИЕ:  
Лукойл — одна из наиболее эффективных вертикально интегрированных нефтегазовых компаний с сильной рентабельностью и низкой себестоимостью добычи. Финансовые показатели стабильны, ROE выше среднего по отрасли, долговая нагрузка умеренная.  

Инвестиции в возобновляемую энергетику (50 млрд руб. до 2030) говорят о стратегической адаптации к изменению энергетической парадигмы, что важно для долгосрочной устойчивости. Однако эти расходы пока незначительны относительно капитализации и не меняют фундаментальной направленности бизнеса.  

Краткосрочное снижение цен на нефть — это нормальная волатильность отрасли, а не сигнал к продаже для инвестора с горизонтом 10+ лет. Компания генерирует стабильный свободный денежный поток и имеет надежную дивидендную историю.  

При текущих мультипликаторах и перспективах энергетического перехода преждевременно ни покупать, ни продавать — разумнее держать и наблюдать за развитием ESG-стратегии.
2025-09-08 13:00:13,676 INFO ✅ Buffett решает:: HOLD LKOH (уверенность: 8/10)
2025-09-08 13:00:13,676 INFO 💭 Trump: анализирует LKOH...
2025-09-08 13:00:20,734 INFO HTTP Request: POST https://foundation-models.api.cloud.ru/v1/chat/completions "HTTP/1.1 200 OK"
2025-09-08 13:00:20,737 INFO 📝 Trump говорит::    ДЕЙСТВИЕ: ДЕРЖАТЬ  
УВЕРЕННОСТЬ: 7  

ОБОСНОВАНИЕ:  
Лукойл — сильный бренд с доминирующей позицией на рынке. Компания адаптируется к новым реалиям, инвестируя в "зеленую" энергетику, что снижает долгосрочные риски. Однако текущее падение цен на нефть и санкционное давление создают краткосрочную волатильность. Политические и валютные риски остаются высокими, но экспортные возможности и вертикальная интеграция поддерживают устойчивость. При такой средней цене и позиции — держать, но новые покупки пока не рекомендуются.
2025-09-08 13:00:20,738 INFO ✅ Trump решает:: HOLD LKOH (уверенность: 7/10)
2025-09-08 13:00:20,738 INFO 💭 Dalio: анализирует LKOH...
2025-09-08 13:00:27,495 INFO HTTP Request: POST https://foundation-models.api.cloud.ru/v1/chat/completions "HTTP/1.1 200 OK"
2025-09-08 13:00:27,497 INFO 📝 Dalio говорит::    **ДЕЙСТВИЕ:** ДЕРЖАТЬ  
**УВЕРЕННОСТЬ:** 7  

**ОБОСНОВАНИЕ:**  
LKOH — ключевой актив в энергетическом секторе России, чувствителен к ценам на нефть и макроэкономическим рискам. Текущее давление на цены на нефть (спад на 3%) негативно влияет на краткосрочную перспективу. Однако стратегическое решение Лукойла инвестировать в ВИЭ свидетельствует о подготовке к энергоперевороту и диверсификации бизнеса — это позитивный долгосрочный сигнал.  

Риск-менеджмент требует учитывать высокую волатильность сектора, валютные риски и санкционное давление. При этом диверсификация внутри портфеля и позиция в надежных эмитентах поддерживают статус LKOH как якорного актива.  

При текущей цене и позиции — выходить из позиции преждевременно. Но новых покупок без явного подтверждения устойчивости цен на нефть и снижения макрорисков не рекомендую.
2025-09-08 13:00:27,497 INFO ✅ Dalio решает:: HOLD LKOH (уверенность: 7/10)
2025-09-08 13:00:27,497 INFO : 
📈 ОБСУЖДЕНИЕ ТИКЕРА 4/6: GAZP
2025-09-08 13:00:27,497 INFO 💭 Buffett: анализирует GAZP...
2025-09-08 13:00:33,744 INFO HTTP Request: POST https://foundation-models.api.cloud.ru/v1/chat/completions "HTTP/1.1 200 OK"
2025-09-08 13:00:33,747 INFO 📝 Buffett говорит::    **ДЕЙСТВИЕ:** ДЕРЖАТЬ  
**УВЕРЕННОСТЬ:** 7  

**ОБОСНОВАНИЕ:**  
Газпром остается ключевым игроком в энергетическом секторе с устойчивой бизнес-моделью и значительными барьерами для входа. Расширение экспорта в Китай (плюс 10 млрд куб. м в 2024) частично компенсирует снижение поставок в Европу, хотя диверсификация рынков — процесс долгосрочный.  

Финансовые показатели стабильны, дивидендная политика привлекательна для инвесторов, ориентированных на доход. Однако geopolitical risks и регуляторные ограниания создают неопределенность.  

При текущей цене и вашей позиции (средняя 180.2 руб.), компания демонстрирует потенциал удержания стоимости в условиях инфляции. Продажа нецелесообразна при отсутствии более выгодных альтернатив. Новых покупок рекомендовать нельзя без четкого понимания дальнейшей траектории санкций и спроса.
2025-09-08 13:00:33,748 INFO ✅ Buffett решает:: HOLD GAZP (уверенность: 7/10)
2025-09-08 13:00:33,748 INFO 💭 Trump: анализирует GAZP...
2025-09-08 13:00:40,912 INFO HTTP Request: POST https://foundation-models.api.cloud.ru/v1/chat/completions "HTTP/1.1 200 OK"
2025-09-08 13:00:40,917 INFO 📝 Trump говорит::    ДЕЙСТВИЕ: **ДЕРЖАТЬ**  
УВЕРЕННОСТЬ: **7**

**ОБОСНОВАНИЕ:**  
GAZP — это классический blue-chip актив с доминирующей позицией на рынке энергетики. Компания обладает сильным брендом, огромными ресурсами и ключевой ролью в российской экономике. Расширение экспорта в Китай (+10 млрд куб. м в 2024) частично компенсирует падение спроса из Европы, где санкции и переход на альтернативные источники энергии давят на объемы продаж.  

Однако высокие геополитические риски, санкционное давление и зависимость от внешней политики РФ снижают привлекательность для иностранных инвесторов. Внутри страны Газпром остается стабильным игроком, но его потенциал ограничен текущими условиями.  

При имеющейся позиции (средняя цена 180.2 руб.) — нет оснований ни для срочной распродажи, ни для увеличения доли. Лучше держать и следить за развитием ситуации с Китаем и Западом. Агрессивные сделки возможны только при значительном снижении рисков или изменении курса событий в международной политике.
2025-09-08 13:00:40,918 INFO ✅ Trump решает:: HOLD GAZP (уверенность: 7/10)
2025-09-08 13:00:40,918 INFO 💭 Dalio: анализирует GAZP...
2025-09-08 13:00:48,082 INFO HTTP Request: POST https://foundation-models.api.cloud.ru/v1/chat/completions "HTTP/1.1 200 OK"
2025-09-08 13:00:48,084 INFO 📝 Dalio говорит::    **ДЕЙСТВИЕ:** ДЕРЖАТЬ  
**УВЕРЕННОСТЬ:** 7  

**ОБОСНОВАНИЕ:**  
GAZP находится в структурном сдвиге — потеря доли в европейском рынке компенсируется ростом поставок в Азию (Китай). Это частично диверсифицирует риски, но не устраняет их полностью. Макроэкономическая среда нестабильна: слабый рубль поддерживает доходы в пересчете на валюту, но санкционное давление и ограничения на доступ к технологиям снижают долгосрочные перспективы.  

С точки зрения цикличности — энергетика остается защитным сектором в условиях высоких цен на энергию, однако потенциал роста ограничен из-за дефицита новых проектов и оттока капитала.  

Риск-менеджмент требует внимания к:  
- Динамике экспорта и цен на газ  
- Политическим и санкционным рискам  
- Корреляции с валютой и инфляцией в РФ  

При текущей позиции (средняя 180.2 руб.) и уровне дивидендной доходности — акция умеренно привлекательна для удержания, но не для усреднения без четкого улучшения фундаментальных трендов.
2025-09-08 13:00:48,085 INFO ✅ Dalio решает:: HOLD GAZP (уверенность: 7/10)
2025-09-08 13:00:48,085 INFO : 
📈 ОБСУЖДЕНИЕ ТИКЕРА 5/6: YDEX
2025-09-08 13:00:48,085 INFO 💭 Buffett: анализирует YDEX...
2025-09-08 13:01:26,779 INFO HTTP Request: POST https://foundation-models.api.cloud.ru/v1/chat/completions "HTTP/1.1 200 OK"
2025-09-08 13:01:26,781 INFO 📝 Buffett говорит::    ДЕЙСТВИЕ: **ДЕРЖАТЬ**  
УВЕРЕННОСТЬ: **7**

**ОБОСНОВАНИЕ:**  
Yandex (YDEX) — компания с сильной бизнес-моделью, доминирующей позицией в поиске и цифровых сервисах в России. Инвестиции в ИИ (30 млрд руб.) демонстрируют стратегическую направленность на будущее и технологическое лидерство. Однако риски усиления регулирования IT-сектора создают неопределенность относительно изменения условий ведения бизнеса.

Финансовые показатели исторически были устойчивыми, но текущие макроэкономические и регуляторные риски снижают привлекательность для активного наращивания позиции. При этом дивидендная политика и генерация свободного денежного потока позволяют рассматривать акцию как умеренно защищенную от инфляции.

При средней цене покупки 4500 руб. и текущей волатильностью — разумно **держать**, но не увеличивать позицию до прояснения регуляторных рисков.
2025-09-08 13:01:26,782 INFO ✅ Buffett решает:: HOLD YDEX (уверенность: 7/10)
2025-09-08 13:01:26,782 INFO 💭 Trump: анализирует YDEX...
2025-09-08 13:01:34,051 INFO HTTP Request: POST https://foundation-models.api.cloud.ru/v1/chat/completions "HTTP/1.1 200 OK"
2025-09-08 13:01:34,054 INFO 📝 Trump говорит::    ДЕЙСТВИЕ: **ДЕРЖАТЬ**  
УВЕРЕННОСТЬ: **6**

ОБОСНОВАНИЕ:  
Яндекс — сильный российский технологический бренд с заметной долей рынка в поиске, рекламе и цифровых сервисах. Инвестиции в ИИ (30 млрд руб.) показывают стратегическую направленность на будущее и усиление конкурентных преимуществ. Однако риски остаются высокими: усиление регулирования со стороны государства может ограничить операционную гибкость и прибыльность. Также значительны геополитические и санкционные риски, влияющие на экспортные возможности и доступ к международным рынкам. Валютные колебания и нестабильность рубля добавляют неопределенности. При текущей цене и позиции имеет смысл держать, но активного наращивания не рекомендую — жду более ясной картины по регулированию и внешнеполитической обстановке.
2025-09-08 13:01:34,055 INFO ✅ Trump решает:: HOLD YDEX (уверенность: 6/10)
2025-09-08 13:01:34,055 INFO 💭 Dalio: анализирует YDEX...
2025-09-08 13:01:40,094 INFO HTTP Request: POST https://foundation-models.api.cloud.ru/v1/chat/completions "HTTP/1.1 200 OK"
2025-09-08 13:01:40,098 INFO 📝 Dalio говорит::    ДЕЙСТВИЕ: **ДЕРЖАТЬ**  
УВЕРЕННОСТЬ: **7**

**ОБОСНОВАНИЕ:**  
YDEX (Яндекс) — компания с сильной экспозицией к внутреннему рынку и высокой чувствительностью к регулирующей среде. Инвестиции в ИИ (30 млрд руб.) указывают на стратегическую перспективу и технологическое лидерство, что положительно влияет на долгосрочный потенциал. Однако усиление регулирования IT-сектора создает значительный риск для бизнес-модели, прибыльности и оценки.

С текущей позицией (средняя цена 4500 руб.) и учитывая волатильность сектора и страны, преждевременно увеличивать или сокращать позицию. Лучше дождаться большей ясности по регулированию и устойчивости операционных метрик. Акция имеет право на место в портфеле как часть диверсифицированной позиции в российский ИТ-сектор, но требует пристального внимания к рискам.
2025-09-08 13:01:40,098 INFO ✅ Dalio решает:: HOLD YDEX (уверенность: 7/10)
2025-09-08 13:01:40,099 INFO : 
📈 ОБСУЖДЕНИЕ ТИКЕРА 6/6: SBER
2025-09-08 13:01:40,099 INFO 💭 Buffett: анализирует SBER...
2025-09-08 13:01:58,593 INFO HTTP Request: POST https://foundation-models.api.cloud.ru/v1/chat/completions "HTTP/1.1 200 OK"
2025-09-08 13:01:58,597 INFO 📝 Buffett говорит::    **ДЕЙСТВИЕ:** ДЕРЖАТЬ  
**УВЕРЕННОСТЬ:** 8  

**ОБОСНОВАНИЕ:**  
Сбербанк — системообразующий игрок с устойчивым рыночным доминированием, высокими барьерами для конкуренции и масштабной клиентской базой. Рост прибыли на 15% демонстрирует устойчивость бизнес-модели даже в сложной макроэкономической среде.  

Однако повышение ключевой ставки ЦБ до 16% создает давление на спрос на кредиты и может замедлить рост кредитного портфеля. Тем не менее, банк эффективно управляет своими активами и продолжает генерировать хорошие returns.  

Финансовые показатели остаются здоровыми, дивидендная политика стабильна, а бизнес защищен от инфляции через индексацию и контроль над ключевыми сегментами экономики.  

Продажа неоправданна при текущих фундаментальных характеристиках. Покупка ограничена из-за высокой доли в портфеле и отсутствия значительного запаса безопасности. Лучше держать и наблюдать за развитием макрообстановки и динамикой просрочек.
2025-09-08 13:01:58,598 INFO ✅ Buffett решает:: HOLD SBER (уверенность: 8/10)
2025-09-08 13:01:58,598 INFO 💭 Trump: анализирует SBER...
2025-09-08 13:02:00,134 INFO HTTP Request: POST https://foundation-models.api.cloud.ru/v1/chat/completions "HTTP/1.1 500 Internal Server Error"
2025-09-08 13:02:00,135 INFO Retrying request to /chat/completions in 0.380947 seconds
2025-09-08 13:02:12,169 INFO HTTP Request: POST https://foundation-models.api.cloud.ru/v1/chat/completions "HTTP/1.1 200 OK"
2025-09-08 13:02:12,172 INFO 📝 Trump говорит::    ДЕЙСТВИЕ: **ДЕРЖАТЬ**  
УВЕРЕННОСТЬ: **7**

ОБОСНОВАНИЕ:  
Сбер — это крупнейший банк страны с доминирующей долей рынка, сильный бренд и мощная клиентская база. Рост прибыли на 15% демонстрирует устойчивость бизнеса даже в сложной макроэкономической среде. Однако высокие геополитические риски, санкционное давление и повышенная ключевая ставка (до 16%) создают серьезные препятствия для расширения внешних операций и могут давить на спрос на кредиты. Валютные риски и ограничения со стороны Запада снижают потенциал роста. При этом внутренняя стабильность и поддержка со стороны государства позволяют держать позицию как defensive play. Продавать нет смысла — банк остается системообразующим, но и активно наращивать позицию пока рано.
2025-09-08 13:02:12,173 INFO ✅ Trump решает:: HOLD SBER (уверенность: 7/10)
2025-09-08 13:02:12,174 INFO 💭 Dalio: анализирует SBER...
2025-09-08 13:02:22,919 INFO HTTP Request: POST https://foundation-models.api.cloud.ru/v1/chat/completions "HTTP/1.1 200 OK"
2025-09-08 13:02:22,921 INFO 📝 Dalio говорит::    **ДЕЙСТВИЕ:** ДЕРЖАТЬ  
**УВЕРЕННОСТЬ:** 7  

**ОБОСНОВАНИЕ:**  
Сбербанк остаётся системообразующим игроком в российской финансовой системе с высокой долей рынка и стабильной клиентской базой. Рост прибыли на 15% в Q3 подтверждает устойчивость бизнеса в условиях жёсткой макросреды. Однако ключевая ставка ЦБ РФ повышена до 16%, что давит на спрос на кредиты и может замедлить рост кредитного портфеля в будущем.  

С точки зрения рисков:  
- Высокие ставки ограничивают маржу и потенциал роста доходов.  
- Умеренная корреляция с другими российскими активами делает SBER интересным для диверсификации внутри локального рынка.  
- Валютные риски низкие — компания в основном генерирует рублёвые доходы.  

В текущих условиях SBER не выглядит привлекательной для активного покупка, но остаётся надёжным холдингом для среднесрочной позиции. Продажа также не оправдана — фундаменталы стабильны, дивидендная политика предсказуема.  

Целевой уровень уверенности снижен до 7 из-за макроэкономической неопределённости и давления со стороны процентных ставок.
2025-09-08 13:02:22,922 INFO ✅ Dalio решает:: HOLD SBER (уверенность: 7/10)
2025-09-08 13:02:22,922 INFO : 
🎯 СОВЕЩАНИЕ ЗАВЕРШЕНО
2025-09-08 13:02:22,922 INFO : 📋 Получено 18 мнений от агентов
2025-09-08 13:02:22,922 INFO 📋 Решения агентов на 2025-09-08:
2025-09-08 13:02:22,922 INFO   🔴 SMLT: SELL (уверенность: 7.3/10)
2025-09-08 13:02:22,923 INFO   🟡 NVTK: HOLD (уверенность: 7.3/10)
2025-09-08 13:02:22,923 INFO   🟡 LKOH: HOLD (уверенность: 7.3/10)
2025-09-08 13:02:22,923 INFO   🟡 GAZP: HOLD (уверенность: 7.0/10)
2025-09-08 13:02:22,924 INFO   🟡 YDEX: HOLD (уверенность: 6.7/10)
2025-09-08 13:02:22,924 INFO   🟡 SBER: HOLD (уверенность: 7.3/10)
2025-09-08 13:02:22,924 INFO Получили решения агентов для 2025-09-08
2025-09-08 13:02:22,924 INFO Применяем решения и обновляем портфель для 2025-09-08
2025-09-08 13:02:22,925 INFO Применили решения и обновлили портфель для 2025-09-08
2025-09-08 13:02:22,925 INFO Обновили накопленный PnL для 2025-09-08
2025-09-08 13:02:22,925 INFO Логируем результаты дня для 2025-09-08
2025-09-08 13:02:22,925 INFO Логируем результаты за день для 2025-09-08
2025-09-08 13:02:22,925 INFO Вычисляем текущую стоимость портфеля для 2025-09-08
2025-09-08 13:02:22,926 INFO : 📊 2025-09-08: Результаты дня
💰 PnL за день: 4,033.00 ₽ (+1.41%)
📈 Общий PnL: 13,275.50 ₽ (+4.86%)
💼 Стоимость портфеля: 286,646.00 ₽
Детали по тикерам:
  🟡 SBER: 310.44 → 312.92 ₽ (+0.80%) | HOLD (уверенность: 7.3/10)
  🟡 GAZP: 132.33 → 133.69 ₽ (+1.03%) | HOLD (уверенность: 7.0/10)
  🟡 LKOH: 6477.00 → 6495.50 ₽ (+0.29%) | HOLD (уверенность: 7.3/10)
  🟡 NVTK: 1241.00 → 1241.60 ₽ (+0.05%) | HOLD (уверенность: 7.3/10)
  🟡 YDEX: 4356.00 → 4360.00 ₽ (+0.09%) | HOLD (уверенность: 6.7/10)
  🔴 SMLT: 1195.00 → 1200.50 ₽ (+0.46%) | SELL (уверенность: 7.3/10)

2025-09-08 13:02:22,926 INFO ──────────────────────────────────────────────────
2025-09-08 13:02:22,926 INFO Вычисляем финальную стоимость портфеля
2025-09-08 13:02:22,926 INFO Анализируем производительность по тикерам
2025-09-08 13:02:22,927 INFO Анализировали производительность по тикерам
2025-09-08 13:02:22,927 INFO Логируем итоговый результат
2025-09-08 13:02:22,927 INFO 🎯 ИТОГОВЫЕ РЕЗУЛЬТАТЫ БЭКТЕСТА
2025-09-08 13:02:22,927 INFO ============================================================
2025-09-08 13:02:22,927 INFO 📅 Период: 2025-09-05 - 2025-09-08
2025-09-08 13:02:22,928 INFO 💰 Начальная стоимость: 273,370.50 ₽
2025-09-08 13:02:22,928 INFO 💰 Финальная стоимость: 274,593.00 ₽
2025-09-08 13:02:22,928 INFO 📈 Общий PnL: 1,222.50 ₽
2025-09-08 13:02:22,928 INFO 📊 Общая доходность: +0.45%
2025-09-08 13:02:22,928 INFO 📊 Производительность по тикерам:
2025-09-08 13:02:22,928 INFO   SBER: PnL 2,212.58 ₽ (+7.07%) | Уверенность: 7.3/10
2025-09-08 13:02:22,929 INFO   GAZP: PnL 2,212.58 ₽ (+33.10%) | Уверенность: 7.0/10
2025-09-08 13:02:22,929 INFO   LKOH: PnL 2,212.58 ₽ (+1.36%) | Уверенность: 7.3/10
2025-09-08 13:02:22,929 INFO   NVTK: PnL 2,212.58 ₽ (+11.88%) | Уверенность: 7.3/10
2025-09-08 13:02:22,929 INFO   YDEX: PnL 2,212.58 ₽ (+5.07%) | Уверенность: 6.5/10
2025-09-08 13:02:22,930 INFO   SMLT: PnL 2,212.58 ₽ (+18.43%) | Уверенность: 7.3/10
2025-09-08 13:02:22,930 INFO ============================================================
2025-09-08 13:02:22,930 INFO Пишу результаты бэктеста
2025-09-08 13:02:22,933 INFO Bot: 
# 📊 Результаты бэктеста

**Период:** 05.09.2025 - 08.09.2025

**Начальная стоимость портфеля:** 273,370.50 ₽

**Финальная стоимость портфеля:** 274,593.00 ₽

**Общий PnL:** 1,222.50 ₽

**Общая доходность:** +0.45%

## 📈 Производительность по тикерам

| Тикер | PnL (₽) | Доходность (%) | Уверенность |
|-------|---------|----------------|-------------|
| SBER | 2,212.58 | +7.07 | 7.3/10 |
| GAZP | 2,212.58 | +33.10 | 7.0/10 |
| LKOH | 2,212.58 | +1.36 | 7.3/10 |
| NVTK | 2,212.58 | +11.88 | 7.3/10 |
| YDEX | 2,212.58 | +5.07 | 6.5/10 |
| SMLT | 2,212.58 | +18.43 | 7.3/10 |

## 📅 Ежедневные результаты

| Дата | Тикер | Открытие | Закрытие | Изменение | Сигнал | Уверенность | PnL дня |
|------|-------|----------|----------|-----------|--------|-------------|----------|
| 05.09.2025 | SBER | 309.10 | 310.50 | +0.45% | 🟡 HOLD | 7.3/10 | 468.42 |
| 05.09.2025 | GAZP | 131.00 | 131.87 | +0.66% | 🟡 HOLD | 7.0/10 | 468.42 |
| 05.09.2025 | LKOH | 6470.00 | 6472.00 | +0.03% | 🟡 HOLD | 7.3/10 | 468.42 |
| 05.09.2025 | NVTK | 1228.00 | 1239.80 | +0.96% | 🟡 HOLD | 7.3/10 | 468.42 |
| 05.09.2025 | YDEX | 4303.00 | 4341.00 | +0.88% | 🟡 HOLD | 6.3/10 | 468.42 |
| 05.09.2025 | SMLT | 1200.00 | 1192.00 | -0.67% | 🔴 SELL | 7.3/10 | 468.42 |
| 06.09.2025 | SBER | 310.50 | 310.13 | -0.12% | 🟡 HOLD | 7.3/10 | 514.25 |
| 06.09.2025 | GAZP | 132.00 | 131.92 | -0.06% | 🟡 HOLD | 7.0/10 | 514.25 |
| 06.09.2025 | LKOH | 6472.00 | 6476.50 | +0.07% | 🟡 HOLD | 7.3/10 | 514.25 |
| 06.09.2025 | NVTK | 1243.20 | 1243.60 | +0.03% | 🟡 HOLD | 7.3/10 | 514.25 |
| 06.09.2025 | YDEX | 4342.00 | 4354.00 | +0.28% | 🟡 HOLD | 6.7/10 | 514.25 |
| 06.09.2025 | SMLT | 1194.00 | 1193.00 | -0.08% | 🔴 SELL | 7.3/10 | 514.25 |
| 07.09.2025 | SBER | 310.13 | 310.69 | +0.18% | 🟡 HOLD | 7.3/10 | 557.75 |
| 07.09.2025 | GAZP | 131.92 | 132.30 | +0.29% | 🟡 HOLD | 7.0/10 | 557.75 |
| 07.09.2025 | LKOH | 6476.00 | 6484.50 | +0.13% | 🟡 HOLD | 7.3/10 | 557.75 |
| 07.09.2025 | NVTK | 1244.00 | 1240.00 | -0.32% | 🟡 HOLD | 7.3/10 | 557.75 |
| 07.09.2025 | YDEX | 4354.00 | 4356.00 | +0.05% | 🟡 HOLD | 6.3/10 | 557.75 |
| 07.09.2025 | SMLT | 1193.00 | 1195.00 | +0.17% | 🔴 SELL | 7.3/10 | 557.75 |
| 08.09.2025 | SBER | 310.44 | 312.92 | +0.80% | 🟡 HOLD | 7.3/10 | 672.17 |
| 08.09.2025 | GAZP | 132.33 | 133.69 | +1.03% | 🟡 HOLD | 7.0/10 | 672.17 |
| 08.09.2025 | LKOH | 6477.00 | 6495.50 | +0.29% | 🟡 HOLD | 7.3/10 | 672.17 |
| 08.09.2025 | NVTK | 1241.00 | 1241.60 | +0.05% | 🟡 HOLD | 7.3/10 | 672.17 |
| 08.09.2025 | YDEX | 4356.00 | 4360.00 | +0.09% | 🟡 HOLD | 6.7/10 | 672.17 |
| 08.09.2025 | SMLT | 1195.00 | 1200.50 | +0.46% | 🔴 SELL | 7.3/10 | 672.17 |

## 🎯 Итоговая статистика

- **Общее количество дней:** 24
- **Средний PnL в день:** 50.94 ₽
- **Лучший день:** 08.09.2025 (672.17 ₽)
- **Худший день:** 05.09.2025 (468.42 ₽)


👥 **Мнения агентов:** 18 мнений получено

📊 **Агрегированные решения:** 6 решений

⚠️ **Оценка рисков:** 6 оценок

💡 **Итоговые рекомендации:**
На основе предоставленного анализа текущего портфеля, мнений агентов-инвесторов и оценки рисков, я сформировал следующие **четкие рекомендации** по управлению инвестиционным портфелем клиента:

---

## 🔹 1. **Какие акции купить и в каком объеме**

| Акция | Рекомендуемый объем | Причина |
|-------|--------------------|---------|
| — | — | На данный момент покупка новых позиций не рекомендуется из-за отсутствия явных сигналов BUY среди имеющихся активов и высокого уровня риска в секторах. |

✅ **Рекомендация**:  
> В текущих условиях **покупка новых активов не требуется**. Средства можно временно держать в кэше или рассмотреть покупку высококачественных бумаг при снижении их рыночной стоимости и улучшении фундаментальных показателей.

---

## 🔹 2. **Какие акции продать**

| Акция | Количество | Причина |
|-------|------------|--------|
| **SMLT** | 10 шт. | Консенсус агентов: **SELL**, уверенность высокая (7.3), риск средний (5/10). Компания сталкивается с проблемами в развитии бизнеса и низкой маржой. |

✅ **Рекомендация**:  
> Продать полностью позицию по **SMLT** для высвобождения капитала и снижения риска портфеля.

---

## 🔹 3. **Какие акции держать**

| Акция | Количество | Причина |
|-------|------------|--------|
| **SBER** | 100 шт. | Консенсус: HOLD, стабильная дивидендная политика, лидер банковского сектора, умеренный риск (5/10). |
| **GAZP** | 50 шт. | HOLD, ключевой актив энергетического сектора, но
2025-09-08 13:09:30,236 INFO 📨 Получено сообщение: что ты думаешь о моих акциях на самолет стоит ли мне их покупатт?
2025-09-08 13:09:30,236 INFO 🤖 Обработка сообщения: что ты думаешь о моих акциях на самолет стоит ли мне их покупатт?
2025-09-08 13:09:30,241 INFO Router node
2025-09-08 13:09:30,241 INFO Checking user and news data in router
2025-09-08 13:09:30,241 INFO User data node
2025-09-08 13:09:30,242 INFO User data loaded
2025-09-08 13:09:30,242 INFO Router node
2025-09-08 13:09:30,242 INFO Checking user and news data in router
2025-09-08 13:09:30,243 INFO News data node
2025-09-08 13:09:30,243 INFO News data loaded
2025-09-08 13:09:30,244 INFO Router node
2025-09-08 13:09:30,244 INFO Checking user and news data in router
2025-09-08 13:09:31,110 INFO HTTP Request: POST https://foundation-models.api.cloud.ru/v1/chat/completions "HTTP/1.1 200 OK"
2025-09-08 13:09:31,112 INFO Router detected category: analysis
2025-09-08 13:09:31,114 INFO Discussion node
2025-09-08 13:09:31,114 INFO Checking user data
2025-09-08 13:09:31,114 INFO Checking news data
2025-09-08 13:09:31,114 INFO 🤖 Агенты начинают обсуждение портфеля...
2025-09-08 13:09:31,114 INFO : 
🏛️ НАЧИНАЕТСЯ СОВЕЩАНИЕ ИНВЕСТИЦИОННОГО КОМИТЕТА
2025-09-08 13:09:31,114 INFO : 📊 Анализируем 6 тикеров: GAZP, LKOH, NVTK, SBER, SMLT, YDEX
2025-09-08 13:09:31,115 INFO : 👥 Участники: Buffett, Trump, Dalio
2025-09-08 13:09:31,115 INFO : 
📈 ОБСУЖДЕНИЕ ТИКЕРА 1/6: SMLT
2025-09-08 13:09:31,115 INFO 💭 Buffett: анализирует SMLT...
2025-09-08 13:09:41,205 INFO HTTP Request: POST https://foundation-models.api.cloud.ru/v1/chat/completions "HTTP/1.1 200 OK"
2025-09-08 13:09:41,208 INFO 📝 Buffett говорит::    ДЕЙСТВИЕ: **ДЕРЖАТЬ**  
УВЕРЕННОСТЬ: **6**  
ОБОСНОВАНИЕ:  
Резкое падение акций SMLT с 4000 до 1000 рублей свидетельствует о серьезных рыночных опасениях, вероятно связанных с ухудшением макроэкономической среды (рост ставок, снижение доступности ипотеки). Это — классический признак повышенной волатильности и риска.  

Фундаментальный анализ требует изучения отчетности, но даже при наличии качественных показателей сейчас наблюдается явная недооценка, что может быть связано с панике среди инвесторов. Однако, без четкого понимания бизнес-модели, долга и устойчивости денежных потоков, принимать решение о покупке преждевременно.  

Присутствие позиции по средней 1100 руб. говорит о том, что вы уже внутри зоны риска. При текущих условиях разумнее сохранить позицию и дождаться ясности по финансовым результатам и рыночной ситуации. Продавать на дне, особенно под давлением эмоций рынка, нецелесообразно.  

Если компания покажет устойчивость и восстановит финансовую прозрачность — можно будет рассматривать усреднение. Пока же — **держать**.
2025-09-08 13:09:41,208 INFO ✅ Buffett решает:: HOLD SMLT (уверенность: 6/10)
2025-09-08 13:09:41,209 INFO 💭 Trump: анализирует SMLT...
2025-09-08 13:09:48,884 INFO HTTP Request: POST https://foundation-models.api.cloud.ru/v1/chat/completions "HTTP/1.1 200 OK"
2025-09-08 13:09:48,885 INFO 📝 Trump говорит::    ДЕЙСТВИЕ: **ПРОДАТЬ**  
УВЕРЕННОСТЬ: **8**  
ОБОСНОВАНИЕ:  
Резкий обвал акций SMLT с 4000 до 1000 рублей указывает на серьезные фундаментальные проблемы или потерю доверия инвесторов. Массовая распродажа бумаг — сигнал тревожный, особенно в условиях нестабильности и слабой прозрачности рынка. Компания, судя по всему, зависит от льготной ипотеки, что делает её уязвимой к изменениям макроэкономической политики (повышение ключевой ставки). В текущей геополитической обстановке и с учетом высоких рисков для российского рынка, связанных с санкциями и ограничениями, такие активы выглядят слишком рискованными. При наличии уже понесенных убытков и отсутствии четких признаков восстановления — разумнее выйти из позиции и сохранить капитал.
2025-09-08 13:09:48,886 INFO ✅ Trump решает:: SELL SMLT (уверенность: 8/10)
2025-09-08 13:09:48,886 INFO 💭 Dalio: анализирует SMLT...
2025-09-08 13:09:57,588 INFO HTTP Request: POST https://foundation-models.api.cloud.ru/v1/chat/completions "HTTP/1.1 200 OK"
2025-09-08 13:09:57,590 INFO 📝 Dalio говорит::    ДЕЙСТВИЕ: **ПРОДАТЬ**  
УВЕРЕННОСТЬ: **8**  
ОБОСНОВАНИЕ:  
Резкое падение цены акций SMLT с 4000 до 1000 руб. указывает на серьезные фундаментальные проблемы или потерю доверия со стороны инвесторов. Массовая распродажа акций говорит о негативном рыночном сценарии, усиленном, вероятно, ухудшением макроэкономической среды — ростом ключевой ставки ЦБ и снижением доступности ипотеки. Это напрямую влияет на спрос в сегменте недвижимости, где компания, судя по всему, активна.  

Даже при текущей цене ниже средней стоимости входа (1100 vs 1000) — дальнейшее падение возможно из-за продолжающегося оттока капитала и отсутствия видимых факторов для восстановления. В условиях высокой неопределенности и слабой макроэкономической перспективы для сектора недвижимости, удержание или усреднение позиции связано с высокими рисками. Лучшая стратегия — сократить потери и перенаправить капитал в более стабильные и предсказуемые активы.
2025-09-08 13:09:57,591 INFO ✅ Dalio решает:: SELL SMLT (уверенность: 8/10)
2025-09-08 13:09:57,591 INFO : 
📈 ОБСУЖДЕНИЕ ТИКЕРА 2/6: NVTK
2025-09-08 13:09:57,591 INFO 💭 Buffett: анализирует NVTK...
2025-09-08 13:10:06,284 INFO HTTP Request: POST https://foundation-models.api.cloud.ru/v1/chat/completions "HTTP/1.1 200 OK"
2025-09-08 13:10:06,286 INFO 📝 Buffett говорит::    ДЕЙСТВИЕ: **ДЕРЖАТЬ**  
УВЕРЕННОСТЬ: **8**

**ОБОСНОВАНИЕ:**  
Новатэк — одна из самых эффективных и технологически продвинутых компаний в газовой отрасли России, с устойчивыми конкурентными преимуществами, включая доступ к запасам месторождений и контроль над полным циклом производства СПГ. Запуск новой линии Ямал СПГ подтверждает операционную дисциплину и способность увеличивать производственные мощности, что положительно влияет на долгосрочные перспективы.

Финансовые показатели стабильны, ROE выше среднего по отрасли, дивидендная политика последовательна. Однако текущая оценка может быть чувствительной к внешним факторам (санкции, экспортные ограничения), что повышает волатильность.

При наличии уже 15 акций в портфеле и умеренном уровне риска — компания заслуживает удержания как части долгосрочного портфеля. Агрессивная покупка не требуется, потенциал роста умеренный в ближнесрочной перспективе.
2025-09-08 13:10:06,286 INFO ✅ Buffett решает:: HOLD NVTK (уверенность: 8/10)
2025-09-08 13:10:06,287 INFO 💭 Trump: анализирует NVTK...
2025-09-08 13:10:13,361 INFO HTTP Request: POST https://foundation-models.api.cloud.ru/v1/chat/completions "HTTP/1.1 200 OK"
2025-09-08 13:10:13,362 INFO 📝 Trump говорит::    ДЕЙСТВИЕ: **ДЕРЖАТЬ**  
УВЕРЕННОСТЬ: **7**  
ОБОСНОВАНИЕ:  
Новатэк — один из сильнейших игроков в газовой отрасли, с мощным активом в виде Ямал СПГ. Запуск новой линии повышает производственные мощности и подтверждает операционную эффективность. Однако риски остаются высокими: санкции ограничивают доступ к международным рынкам и технологиям, что может сказаться на экспансии. Политическая напряженность и валютные колебания также влияют на перспективы. При имеющейся позиции (15 акций по 1200 руб.) и росте капитала — держать, но новые покупки без явного улучшения внешнеполитической ситуации не рекомендуются.
2025-09-08 13:10:13,362 INFO ✅ Trump решает:: HOLD NVTK (уверенность: 7/10)
2025-09-08 13:10:13,362 INFO 💭 Dalio: анализирует NVTK...
2025-09-08 13:10:26,754 INFO HTTP Request: POST https://foundation-models.api.cloud.ru/v1/chat/completions "HTTP/1.1 200 OK"
2025-09-08 13:10:26,754 INFO 📝 Dalio говорит::    **ДЕЙСТВИЕ:** ДЕРЖАТЬ  
**УВЕРЕННОСТЬ:** 7  

**ОБОСНОВАНИЕ:**  
Новатэк — ключевой игрок в секторе СПГ с уникальной экспозицией к долгосрочному росту глобального спроса на сжиженный природный газ. Запуск новой линии Ямал СПГ подтверждает операционную дисциплину и способность наращивать мощности, что усиливает его конкурентное положение.  

Однако акция сталкивается с рядом рисков:  
- **Макроэкономическая нестабильность**: высокая волатильность рубля и ключевой ставки ЦБ РФ напрямую влияет на стоимость капитала и экспортные доходы.  
- **Геополитический риск**: международные санкции ограничивают доступ к западным рынкам и технологиям, что может замедлить будущие проекты.  
- **Концентрация в одном секторе**: бизнес Новатэка сильно зависит от цен на газ и логистики СПГ, что повышает системный риск.  

Текущая позиция (15 акций, средняя цена 1200 руб.) находится в зоне умеренной недооценки с точки зрения фундаментальных перспектив, но технический и внешний риск требует осторожности.  

**Рекомендация “ДЕРЖАТЬ”** обусловлена тем, что компания демонстрирует устойчивый рост и имеет стратегическое значение, однако неблагоприятный макрофон и внешние ограничения снижают уверенность для активного усреднения или увеличения позиции.
2025-09-08 13:10:26,755 INFO ✅ Dalio решает:: HOLD NVTK (уверенность: 7/10)
2025-09-08 13:10:26,755 INFO : 
📈 ОБСУЖДЕНИЕ ТИКЕРА 3/6: LKOH
2025-09-08 13:10:26,755 INFO 💭 Buffett: анализирует LKOH...
2025-09-08 13:10:38,646 INFO HTTP Request: POST https://foundation-models.api.cloud.ru/v1/chat/completions "HTTP/1.1 200 OK"
2025-09-08 13:10:38,646 INFO 📝 Buffett говорит::    ДЕЙСТВИЕ: **ДЕРЖАТЬ**  
УВЕРЕННОСТЬ: **8**

ОБОСНОВАНИЕ:  
Лукойл — одна из наиболее эффективных и дисциплинированных нефтяных компаний в России с сильной балансовой структурой, высокой рентабельностью и стабильной дивидендной политикой. Однако текущие риски связаны с волатильностью цен на нефть и переходным периодом в глобальной энергетике.

Инвестиции в ВИЭ ($50 млрд руб до 2030) — это позитивный, но пока ранний шаг в сторону диверсификации. Это соответствует тренду, но объем инвестиций относительно мал по сравнению с основным бизнесом. Не является сигналом к покупке, но снижает риски консерватизма.

Падение цен на нефть на 3% — краткосрочный рыночный шум, который не должен влиять на долгосрочную стратегию, если компания сохраняет операционную эффективность и контроль над издержками.

При вашей средней цене 6500 руб. и текущих условиях, акция не выглядит недооцененной, но и переоцененной тоже — прибыльность и дивиденды поддерживают справедливую стоимость. Продавать нет смысла, покупать тоже рано — ждем более четких сигналов по стоимости и дивидендам.

Фокус на качество и доходность бизнеса подтверждает решение держать.
2025-09-08 13:10:38,647 INFO ✅ Buffett решает:: HOLD LKOH (уверенность: 8/10)
2025-09-08 13:10:38,647 INFO 💭 Trump: анализирует LKOH...
2025-09-08 13:10:47,061 INFO HTTP Request: POST https://foundation-models.api.cloud.ru/v1/chat/completions "HTTP/1.1 200 OK"
2025-09-08 13:10:47,062 INFO 📝 Trump говорит::    ДЕЙСТВИЕ: ДЕРЖАТЬ  
УВЕРЕННОСТЬ: 7  

ОБОСНОВАНИЕ:  
Лукойл — это один из самых сильных энергетических брендов в России с мощной экспортной базой и технологической дисциплиной. Компания демонстрирует адаптацию к новым реалиям, вкладываясь в возобновляемую энергетику, что снижает долгосрочные риски и повышает устойчивость бизнеса. Однако текущее давление на цены на нефть негативно влияет на краткосрочную перспективу. Санкционные риски остаются, но Лукойл уже проработал сценарии деэскалации. При такой ситуации паниковать нет смысла — компания стабильна, дивидендна, управление профессионально. Но и наращивать позицию пока рано: ждем большей ясности на рынке нефти и по геополитике.
2025-09-08 13:10:47,062 INFO ✅ Trump решает:: HOLD LKOH (уверенность: 7/10)
2025-09-08 13:10:47,062 INFO 💭 Dalio: анализирует LKOH...
2025-09-08 13:10:54,750 INFO HTTP Request: POST https://foundation-models.api.cloud.ru/v1/chat/completions "HTTP/1.1 200 OK"
2025-09-08 13:10:54,751 INFO 📝 Dalio говорит::    **ДЕЙСТВИЕ:** ДЕРЖАТЬ  
**УВЕРЕННОСТЬ:** 7  

**ОБОСНОВАНИЕ:**  
LKOH — ключевой актив в портфеле с высокой корреляцией к цене на нефть и макроэкономическим условиям.  

**Плюсы:**  
- Диверсификация бизнеса через инвестиции в ВИЭ снижает долгосрочные риски зависимости от нефти.  
- Компания генерирует стабильный операционный денежный поток и имеет низкую себестоимость добычи.  

**Риски:**  
- Краткосрочное давление от падения цен на нефть (-3%) снижает маржу и капитализацию.  
- Регуляторные и геополитические риски остаются значительными для сектора.  

**Вывод:**  
Нефть слабеет из-за опасений по спросу → LKOH испытывает давление. Однако структурные изменения (ВИЭ) и фундаментальная сила компании говорят в пользу удержания. Продажа преждевременна, покупка неоправданна без восстановления цен на нефть и стабилизации макрофон.
2025-09-08 13:10:54,751 INFO ✅ Dalio решает:: HOLD LKOH (уверенность: 7/10)
2025-09-08 13:10:54,751 INFO : 
📈 ОБСУЖДЕНИЕ ТИКЕРА 4/6: GAZP
2025-09-08 13:10:54,752 INFO 💭 Buffett: анализирует GAZP...
2025-09-08 13:11:01,773 INFO HTTP Request: POST https://foundation-models.api.cloud.ru/v1/chat/completions "HTTP/1.1 200 OK"
2025-09-08 13:11:01,773 INFO 📝 Buffett говорит::    **ДЕЙСТВИЕ:** ДЕРЖАТЬ  
**УВЕРЕННОСТЬ:** 7  

**ОБОСНОВАНИЕ:**  
Газпром остается ключевым игроком в энергетическом секторе с устойчивыми долгосрочными контрактами, включая растущий экспорт в Китай. Это поддерживает стабильность доходов и дивидендный потенциал. Однако риск снижения экспорта в Европу создает неопределенность и давление на объемы продаж.  

Финансовые показатели остаются умеренными: P/E ниже среднего по рынку, но ROE и дивидендная доходность привлекательны. Тем не менее, бизнес-модель зависит от внешнеполитической ситуации и регулирования, что ограничивает upside.  

При текущей цене и вашей позиции — продавать невыгодно, но и активно докупать нет сильных оснований. Лучше наблюдать за развитием событий в экспортной политике и динамике дивидендов.
2025-09-08 13:11:01,774 INFO ✅ Buffett решает:: HOLD GAZP (уверенность: 7/10)
2025-09-08 13:11:01,774 INFO 💭 Trump: анализирует GAZP...
2025-09-08 13:11:06,014 INFO HTTP Request: POST https://foundation-models.api.cloud.ru/v1/chat/completions "HTTP/1.1 200 OK"
2025-09-08 13:11:06,015 INFO 📝 Trump говорит::    ДЕЙСТВИЕ: ДЕРЖАТЬ  
УВЕРЕННОСТЬ: 7  

ОБОСНОВАНИЕ:  
Газпром остается ключевым игроком в энергетическом секторе с сильной государственной поддержкой и значительными ресурсами. Расширение экспорта в Китай — плюс, особенно в условиях оттока из Европы. Однако санкции и геополитическое давление ограничивают upside и создают долгосрочные риски. Валютные колебания и зависимость от внешней политики также важны. Компания стабильна, но перспективы умеренные — держу, но не добавляю.
2025-09-08 13:11:06,015 INFO ✅ Trump решает:: HOLD GAZP (уверенность: 7/10)
2025-09-08 13:11:06,015 INFO 💭 Dalio: анализирует GAZP...
2025-09-08 13:11:15,566 INFO HTTP Request: POST https://foundation-models.api.cloud.ru/v1/chat/completions "HTTP/1.1 200 OK"
2025-09-08 13:11:15,568 INFO 📝 Dalio говорит::    **ДЕЙСТВИЕ:** ДЕРЖАТЬ  
**УВЕРЕННОСТЬ:** 7  

**ОБОСНОВАНИЕ:**  
GAZP находится в структурном переходе: растущий экспорт в Азию (в частности, в Китай) частично компенсирует падение поставок в Европу. Однако ключевые риски остаются:  
- **Геополитическое давление** ограничивает доступ к западным рынкам и технологиям.  
- **Валютные риски**: несмотря на рост экспорта в юанях, слабость рубля увеличивает конвертационные издержки.  
- **Регулирование и санкции** могут повлиять на дивидендную политику и операционную гибкость.  

С точки зрения цикличности:  
- Газпром чувствителен к спросу на энергоресурсы в Китае и индустриальном секторе, что делает его умеренно контрцикличным внутри РФ, но уязвимым к глобальной дефляции или замедлению в Азии.  

Фундаментально компания имеет умеренный потенциал роста благодаря азиатскому направлению, но высокие структурные риски снижают привлекательность для агрессивного инвестирования. При текущих условиях — **держать**, ожидая более четкой макроэкономической картины и снижения волатильности.
2025-09-08 13:11:15,570 INFO ✅ Dalio решает:: HOLD GAZP (уверенность: 7/10)
2025-09-08 13:11:15,570 INFO : 
📈 ОБСУЖДЕНИЕ ТИКЕРА 5/6: YDEX
2025-09-08 13:11:15,570 INFO 💭 Buffett: анализирует YDEX...
2025-09-08 13:11:22,360 INFO HTTP Request: POST https://foundation-models.api.cloud.ru/v1/chat/completions "HTTP/1.1 200 OK"
2025-09-08 13:11:22,361 INFO 📝 Buffett говорит::    **ДЕЙСТВИЕ:** ДЕРЖАТЬ  
**УВЕРЕННОСТЬ:** 6  

**ОБОСНОВАНИЕ:**  
Яндекс (YDEX) — компания с сильной бизнес-моделью, доминирующей позицией в поиске и цифровых сервисах в России, высокой рентабельностью и значительными барьерами для входа. Инвестиции в ИИ (30 млрд руб.) указывают на стратегическую направленность на будущее и технологическое лидерство.  

Однако:  
- Регулирование IT-сектора создает неопределенность и потенциальные риски изменения условий ведения бизнеса.  
- Волатильность рынка и макроэкономическая обстановка снижают предсказуемость cash flows.  
- Текущая оценка может отражать значительную часть роста, что делает акцию менее привлекательной для новых покупок.  

При наличии позиции — удержание оправдано благодаря фундаментальной силе бизнеса, но новые инвестиции требуют более глубокого анализа рисков.
2025-09-08 13:11:22,362 INFO ✅ Buffett решает:: HOLD YDEX (уверенность: 6/10)
2025-09-08 13:11:22,362 INFO 💭 Trump: анализирует YDEX...
2025-09-08 13:11:28,771 INFO HTTP Request: POST https://foundation-models.api.cloud.ru/v1/chat/completions "HTTP/1.1 200 OK"
2025-09-08 13:11:28,773 INFO 📝 Trump говорит::    ДЕЙСТВИЕ: **ДЕРЖАТЬ**  
УВЕРЕННОСТЬ: **6**  
ОБОСНОВАНИЕ:  
Яндекс — сильный российский технологический бренд с доминирующей позицией на рынке поиска и онлайн-сервисов. Инвестиции в ИИ (30 млрд руб.) показывают стратегическую направленность на будущее и усиление конкурентных преимуществ. Однако риски возрастают из-за ужесточения регулирования со стороны государства, что характерно для российского IT-сектора. Также присутствуют валютные и геополитические риски, ограничивающие экспортный потенциал. При текущих условиях я бы не стал увеличивать позицию, но и спешить с продажей не стоит — компания остается ключевым игроком, несмотря на давление извне.
2025-09-08 13:11:28,773 INFO ✅ Trump решает:: HOLD YDEX (уверенность: 6/10)
2025-09-08 13:11:28,773 INFO 💭 Dalio: анализирует YDEX...
2025-09-08 13:11:36,268 INFO HTTP Request: POST https://foundation-models.api.cloud.ru/v1/chat/completions "HTTP/1.1 200 OK"
2025-09-08 13:11:36,270 INFO 📝 Dalio говорит::    ДЕЙСТВИЕ: **ДЕРЖАТЬ**  
УВЕРЕННОСТЬ: **6**

**ОБОСНОВАНИЕ:**  
YDEX — технологическая компания с сильной экспозицией к внутреннему рынку России, что несёт валютные, нормативные и макроэкономические риски. Инвестиции в ИИ (30 млрд руб.) указывают на стратегическую перспективу и инновационный потенциал, однако:

- **Регулирование**: Ужесточение контроля над IT-сектором может ограничить гибкость бизнеса и снизить маржу.
- **Макроэкономическая среда**: Высокая волатильность рубля, ключевая ставка и инфляция создают дополнительные риски для оценки и прибыли.
- **Ликвидность и корреляции**: Российские акции, особенно вне индекса, слабо ликвидны и подвержены шокам.

При текущей цене и позиции — выходить из бумаги преждевременно, но и наращивать экспозицию рискованно. Лучше держать и ждать более ясной картины по регулированию и макрофону.
2025-09-08 13:11:36,270 INFO ✅ Dalio решает:: HOLD YDEX (уверенность: 6/10)
2025-09-08 13:11:36,271 INFO : 
📈 ОБСУЖДЕНИЕ ТИКЕРА 6/6: SBER
2025-09-08 13:11:36,271 INFO 💭 Buffett: анализирует SBER...
2025-09-08 13:11:44,754 INFO HTTP Request: POST https://foundation-models.api.cloud.ru/v1/chat/completions "HTTP/1.1 200 OK"
2025-09-08 13:11:44,756 INFO 📝 Buffett говорит::    ДЕЙСТВИЕ: **ДЕРЖАТЬ**  
УВЕРЕННОСТЬ: **8**

**ОБОСНОВАНИЕ:**  
Сбербанк — одна из самых системообразующих и финансово устойчивых компаний в России с устойчивым рыночным лидерством, широкой клиентской базой и высокими барьерами для конкуренции. Рост прибыли на 15% подтверждает эффективность управления и улучшение кредитного качества портфеля.  

Однако повышение ключевой ставки ЦБ до 16% создает давление на спрос на кредиты и может замедлить рост净利息收入 (NII). Тем не менее, более высокие ставки также увеличивают spreads и доходность активов, что частично компенсирует риск.  

SBER демонстрирует хорошие фундаментальные показатели: умеренный уровень provisioning, рост ROE, стабильная капитализация и значительный потенциал по возврату капитала через дивиденды. Банк остается защищён от инфляции через индексацию части активов и способность переносить рост ставок на клиентов.  

При текущей цене и вашей средней (~250 руб.) акция не выглядит явно недооцененной, но и переоцененной тоже — прибыль растёт, дивиденды стабильны. Продавать нет причин, а дополнительные покупки требуют более глубокого анализа макрообстановки.  

**Вывод:** компания качественная, позиция разумная — **держать**.
2025-09-08 13:11:44,757 INFO ✅ Buffett решает:: HOLD SBER (уверенность: 8/10)
2025-09-08 13:11:44,757 INFO 💭 Trump: анализирует SBER...
2025-09-08 13:12:03,608 INFO HTTP Request: POST https://foundation-models.api.cloud.ru/v1/chat/completions "HTTP/1.1 200 OK"
2025-09-08 13:12:03,610 INFO 📝 Trump говорит::    ДЕЙСТВИЕ: ДЕРЖАТЬ  
УВЕРЕННОСТЬ: 7  

ОБОСНОВАНИЕ:  
Сбер — это крупнейший банк страны, системообразующий актив, с сильной маркетинговой позицией и масштабом. Рост прибыли на 15% говорит о хорошем управлении и устойчивом спросе на банковские услуги внутри России. Однако ключевая ставка ЦБ поднята до 16%, что давит на экономику и может ограничить дальнейший рост кредитования и потребительской активности.  

Геополитические риски и санкции остаются высокими — экспорт капитала затруднён, международное доверие к российским активам низкое. Тем не менее, Сбер внутри страны остаётся доминирующим игроком, а его прибыльность и ликвидность поддерживают интерес со стороны внутренних инвесторов.  

При текущих условиях я бы не стал активно покупать или продавать — ситуация стабильная, но внешние риски велики. Удержание позиции с возможностью докупки при значительном просадке — разумная тактика.
2025-09-08 13:12:03,610 INFO ✅ Trump решает:: HOLD SBER (уверенность: 7/10)
2025-09-08 13:12:03,610 INFO 💭 Dalio: анализирует SBER...
2025-09-08 13:12:11,683 INFO HTTP Request: POST https://foundation-models.api.cloud.ru/v1/chat/completions "HTTP/1.1 200 OK"
2025-09-08 13:12:11,685 INFO 📝 Dalio говорит::    **ДЕЙСТВИЕ:** ДЕРЖАТЬ  
**УВЕРЕННОСТЬ:** 7  

**ОБОСНОВАНИЕ:**  
Сбербанк демонстрирует устойчивый рост прибыли (+15% в Q3), что подтверждает его доминирующую позицию в банковском секторе и эффективность управления. Однако ключевая ставка ЦБ РФ повышена до 16%, что давит на спрос на кредиты и может замедлить рост кредитного портфеля в будущем.  

Банковский сектор РФ находится в стадии адаптации к высокой ключевой ставке — это ограничивает потенциал переоценки акций, несмотря на фундаментальную устойчивость.  

SBER имеет низкую корреляцию с глобальными рынками, что делает её интересной как диверсифицирующий актив, но текущие макроусловия (высокие ставки, слабый рубль, низкий доверительный климат) снижают привлекательность финансового сектора для агрессивного роста.  

При этом дивидендная политика и ликвидность бумаги поддерживают умеренный интерес. Продажа нецелесообразна из-за фундаментальной силы, а покупка — из-за макроограничений. Лучшая стратегия — удержание с возможностью докупки при снижении цены или улучшении макроусловий.
2025-09-08 13:12:11,685 INFO ✅ Dalio решает:: HOLD SBER (уверенность: 7/10)
2025-09-08 13:12:11,685 INFO : 
🎯 СОВЕЩАНИЕ ЗАВЕРШЕНО
2025-09-08 13:12:11,686 INFO : 📋 Получено 18 мнений от агентов
2025-09-08 13:12:11,686 INFO 🔄 АГРЕГАЦИЯ РЕШЕНИЙ АГЕНТОВ
2025-09-08 13:12:11,686 INFO ----------------------------------------
2025-09-08 13:12:11,686 INFO ✅ Получено 18 мнений от агентов
2025-09-08 13:12:11,686 INFO 📊 Агрегировано 6 решений
2025-09-08 13:12:11,686 INFO 📋 SMLT: SELL (уверенность: 7.3, консенсус: 0.7)
2025-09-08 13:12:11,687 INFO 📋 NVTK: HOLD (уверенность: 7.3, консенсус: 1.0)
2025-09-08 13:12:11,687 INFO 📋 LKOH: HOLD (уверенность: 7.3, консенсус: 1.0)
2025-09-08 13:12:11,687 INFO 📋 GAZP: HOLD (уверенность: 7.0, консенсус: 1.0)
2025-09-08 13:12:11,687 INFO 📋 YDEX: HOLD (уверенность: 6.0, консенсус: 1.0)
2025-09-08 13:12:11,687 INFO 📋 SBER: HOLD (уверенность: 7.3, консенсус: 1.0)
2025-09-08 13:12:11,689 INFO Risk node
2025-09-08 13:12:11,689 INFO ⚠️ Риск-менеджер оценивает риски...
2025-09-08 13:12:22,585 INFO HTTP Request: POST https://foundation-models.api.cloud.ru/v1/chat/completions "HTTP/1.1 200 OK"
2025-09-08 13:12:33,880 INFO HTTP Request: POST https://foundation-models.api.cloud.ru/v1/chat/completions "HTTP/1.1 200 OK"
2025-09-08 13:12:51,499 INFO HTTP Request: POST https://foundation-models.api.cloud.ru/v1/chat/completions "HTTP/1.1 200 OK"
2025-09-08 13:13:03,831 INFO HTTP Request: POST https://foundation-models.api.cloud.ru/v1/chat/completions "HTTP/1.1 200 OK"
2025-09-08 13:13:14,704 INFO HTTP Request: POST https://foundation-models.api.cloud.ru/v1/chat/completions "HTTP/1.1 200 OK"
2025-09-08 13:13:29,320 INFO HTTP Request: POST https://foundation-models.api.cloud.ru/v1/chat/completions "HTTP/1.1 200 OK"
2025-09-08 13:13:29,322 INFO ✅ Оценены риски для 6 позиций
2025-09-08 13:13:29,322 INFO ⚠️ SMLT: уровень риска 5/10
2025-09-08 13:13:29,322 INFO ⚠️ NVTK: уровень риска 7/10
2025-09-08 13:13:29,322 INFO ⚠️ LKOH: уровень риска 1/10
2025-09-08 13:13:29,322 INFO ⚠️ GAZP: уровень риска 5/10
2025-09-08 13:13:29,322 INFO ⚠️ YDEX: уровень риска 5/10
2025-09-08 13:13:29,322 INFO ⚠️ SBER: уровень риска 5/10
2025-09-08 13:13:29,323 INFO Finalizer node
2025-09-08 13:13:29,324 INFO 📋 Формирование итоговых рекомендаций...
2025-09-08 13:13:49,814 INFO HTTP Request: POST https://foundation-models.api.cloud.ru/v1/chat/completions "HTTP/1.1 200 OK"
2025-09-08 13:13:49,816 INFO ✅ Итоговые рекомендации сформированы
2025-09-08 13:13:49,824 INFO Bot: 
### **ИТОГОВЫЕ РЕКОМЕНДАЦИИ ПО УПРАВЛЕНИЮ ПОРТФЕЛЕМ**

---

#### **1. Какие акции купить и в каком объеме**
На основе анализа рынка, мнений агентов и оценки рисков, рекомендуется **покупать** следующие активы:

| Акция | Причина покупки | Объем покупки | Комментарий |
|-------|------------------|---------------|-------------|
| **LKOH** | Низкий риск (1/10), стабильная компания, HOLD-рекомендация при хорошем потенциале дивидендов | 10–15 лотов (до 250 000 ₽) | Добавление позиции для снижения риска портфеля |
| **GAZP** | Умеренный риск, стабильный дивидендный актив, HOLD от агентов | 20–30 лотов (до 150 000 ₽) | Увеличение доли в надежных энергетических активах |

> **Обоснование**: LKOH — наиболее безопасный актив с минимальным риском, что делает его привлекательным для укрепления портфеля. GAZP — диверсифицирует портфель в секторе энергетики и имеет устойчивую дивидендную политику.

---

#### **2. Какие акции продать**
Продажа рекомендуется по следующим позициям:

| Акция | Причина продажи | Объем продажи |
|-------|------------------|---------------|
| **SMLT** | SELL-рекомендация от агентов (консенсус 0.7), средний уровень риска (5/10) | Полностью (10 акций) |
| **NVTK** | Высокий уровень риска (7/10), несмотря на HOLD — неоправданно рис

👥 **Мнения агентов:** 18 мнений получено

📊 **Агрегированные решения:** 6 решений

⚠️ **Оценка рисков:** 6 оценок

💡 **Итоговые рекомендации:**
### **ИТОГОВЫЕ РЕКОМЕНДАЦИИ ПО УПРАВЛЕНИЮ ПОРТФЕЛЕМ**

---

#### **1. Какие акции купить и в каком объеме**
На основе анализа рынка, мнений агентов и оценки рисков, рекомендуется **покупать** следующие активы:

| Акция | Причина покупки | Объем покупки | Комментарий |
|-------|------------------|---------------|-------------|
| **LKOH** | Низкий риск (1/10), стабильная компания, HOLD-рекомендация при хорошем потенциале дивидендов | 10–15 лотов (до 250 000 ₽) | Добавление позиции для снижения риска портфеля |
| **GAZP** | Умеренный риск, стабильный дивидендный актив, HOLD от агентов | 20–30 лотов (до 150 000 ₽) | Увеличение доли в надежных энергетических активах |

> **Обоснование**: LKOH — наиболее безопасный актив с минимальным риском, что делает его привлекательным для укрепления портфеля. GAZP — диверсифицирует портфель в секторе энергетики и имеет устойчивую дивидендную политику.

---

#### **2. Какие акции продать**
Продажа рекомендуется по следующим позициям:

| Акция | Причина продажи | Объем продажи |
|-------|------------------|---------------|
| **SMLT** | SELL-рекомендация от агентов (консенсус 0.7), средний уровень риска (5/10) | Полностью (10 акций) |
| **NVTK** | Высокий уровень риска (7/10), несмотря на HOLD — неоправданно рис
2025-09-08 13:16:32,191 INFO Получен сигнал завершения...
2025-09-08 13:16:32,192 INFO Завершение работы...
2025-09-08 13:16:32,222 ERROR Task was destroyed but it is pending!
task: <Task pending name='Task-525' coro=<WebSocketHandler.broadcast_log() running at /Users/ivan/Desktop/prog/python/ai-hedge-fund/ui/server/handlers.py:91> cb=[_chain_future.<locals>._call_set_state() at /Library/Frameworks/Python.framework/Versions/3.12/lib/python3.12/asyncio/futures.py:396]>
2025-09-08 13:19:01,233 INFO 🚀 Мультиагентная система анализа акций запущена
2025-09-08 13:19:01,233 INFO 📱 Откройте http://localhost:8080 в браузере
2025-09-08 13:19:01,233 INFO System: 🤖 Система готова к работе! Задайте вопрос о вашем портфеле.
2025-09-08 13:19:03,706 INFO ::1 [08/Sep/2025:13:19:03 +0300] "GET / HTTP/1.1" 304 179 "-" "Mozilla/5.0 (Macintosh; Intel Mac OS X 10_15_7) AppleWebKit/537.36 (KHTML, like Gecko) Chrome/139.0.0.0 Safari/537.36"
2025-09-08 13:19:03,723 INFO ::1 [08/Sep/2025:13:19:03 +0300] "GET /static/css/style.css HTTP/1.1" 304 180 "http://localhost:8080/" "Mozilla/5.0 (Macintosh; Intel Mac OS X 10_15_7) AppleWebKit/537.36 (KHTML, like Gecko) Chrome/139.0.0.0 Safari/537.36"
2025-09-08 13:19:03,724 INFO ::1 [08/Sep/2025:13:19:03 +0300] "GET /static/js/app.js HTTP/1.1" 304 180 "http://localhost:8080/" "Mozilla/5.0 (Macintosh; Intel Mac OS X 10_15_7) AppleWebKit/537.36 (KHTML, like Gecko) Chrome/139.0.0.0 Safari/537.36"
2025-09-08 13:19:09,628 INFO 📨 Получено сообщение: анализ портфеля
2025-09-08 13:19:09,628 INFO 🤖 Обработка сообщения: анализ портфеля
2025-09-08 13:19:09,637 INFO Router node
2025-09-08 13:19:09,637 INFO Checking user and news data in router
2025-09-08 13:19:09,638 INFO User data node
2025-09-08 13:19:09,639 INFO User data loaded
2025-09-08 13:19:09,640 INFO Router node
2025-09-08 13:19:09,640 INFO Checking user and news data in router
2025-09-08 13:19:09,641 INFO News data node
2025-09-08 13:19:09,641 INFO News data loaded
2025-09-08 13:19:09,642 INFO Router node
2025-09-08 13:19:09,642 INFO Checking user and news data in router
2025-09-08 13:19:14,264 INFO HTTP Request: POST https://foundation-models.api.cloud.ru/v1/chat/completions "HTTP/1.1 200 OK"
2025-09-08 13:19:14,269 INFO Router detected category: analysis
2025-09-08 13:19:14,270 INFO Discussion node
2025-09-08 13:19:14,270 INFO Checking user data
2025-09-08 13:19:14,271 INFO Checking news data
2025-09-08 13:19:14,271 INFO 🤖 Агенты начинают обсуждение портфеля...
2025-09-08 13:19:14,271 INFO : 
🏛️ НАЧИНАЕТСЯ СОВЕЩАНИЕ ИНВЕСТИЦИОННОГО КОМИТЕТА
2025-09-08 13:19:14,271 INFO : 📊 Анализируем 6 тикеров: GAZP, LKOH, NVTK, SBER, SMLT, YDEX
2025-09-08 13:19:14,271 INFO : 👥 Участники: Buffett, Trump, Dalio
2025-09-08 13:19:14,271 INFO : 
📈 ОБСУЖДЕНИЕ ТИКЕРА 1/6: SBER
2025-09-08 13:19:14,271 INFO 💭 Buffett: анализирует SBER...
2025-09-08 13:19:21,835 INFO HTTP Request: POST https://foundation-models.api.cloud.ru/v1/chat/completions "HTTP/1.1 200 OK"
2025-09-08 13:19:21,836 INFO 📝 Buffett говорит::    **ДЕЙСТВИЕ:** ДЕРЖАТЬ  
**УВЕРЕННОСТЬ:** 8  

**ОБОСНОВАНИЕ:**  
Сбербанк — системообразующий игрок с устойчивым рыночным доминированием, высокими барьерами для конкуренции и стабильной клиентской базой. Рост прибыли на 15% подтверждает эффективность масштабирования и управления. Банк генерирует стабильный кэшфлоу и имеет значительные нематериальные активы (технологии, бренд, сеть).  

Однако ключевая ставка 16% создает давление на спреды и может замедлить рост кредитного портфеля. Тем не менее, SBER исторически хорошо адаптируется к изменению макроусловий.  

Финансово здоров: достаточный уровень капитала, контролируемый долг, хорошая рентабельность собственного капитала (ROE ~15-17%). Дивидендная политика предсказуема, доходность выше среднерыночной.  

При текущих ценах и вашей позиции (средняя 250.5 руб.) — нет оснований ни продавать, ни активно докупать. Компания достойна долгосрочного владения.
2025-09-08 13:19:21,837 INFO ✅ Buffett решает:: HOLD SBER (уверенность: 8/10)
2025-09-08 13:19:21,837 INFO 💭 Trump: анализирует SBER...
2025-09-08 13:19:34,123 INFO HTTP Request: POST https://foundation-models.api.cloud.ru/v1/chat/completions "HTTP/1.1 200 OK"
2025-09-08 13:19:34,124 INFO 📝 Trump говорит::    ДЕЙСТВИЕ: ДЕРЖАТЬ  
УВЕРЕННОСТЬ: 7  

ОБОСНОВАНИЕ:  
Сбер — это сильный бренд и системообразующий банк России, с устойчивой рыночной позицией и рекордной капитализацией. Рост прибыли на 15% демонстрирует финансовую устойчивость даже в условиях жесткой макроэкономической политики. Однако высокая ключевая ставка (16%) сигнализирует о продолжающихся инфляционных рисках и давлении на экономику, что может ограничивать кредитную активность и спрос на займы.  

Геополитические санкции и валютные риски остаются серьезными факторами неопределенности. Тем не менее, Сбер имеет мощную внутреннюю ликвидность, государственную поддержку и диверсифицированный бизнес (финтех, экосистема). Это позволяет ему лучше других выживать в турбулентной среде.  

Пока нет четких сигналов для увеличения позиции или выхода из нее — ситуация стабильна, но внешние риски требуют осторожности.
2025-09-08 13:19:34,124 INFO ✅ Trump решает:: HOLD SBER (уверенность: 7/10)
2025-09-08 13:19:34,124 INFO 💭 Dalio: анализирует SBER...
2025-09-08 13:19:52,759 INFO HTTP Request: POST https://foundation-models.api.cloud.ru/v1/chat/completions "HTTP/1.1 200 OK"
2025-09-08 13:19:52,760 INFO 📝 Dalio говорит::    **ДЕЙСТВИЕ:** ДЕРЖАТЬ  
**УВЕРЕННОСТЬ:** 7  

**ОБОСНОВАНИЕ:**  
Сбербанк — системообразующий актив российской финансовой системы, обладает устойчивой рыночной позицией, высокой маржинальностью и регулярными денежными потоками. Рост прибыли на 15% в Q3 подтверждает улучшение операционных результатов, снижение кредитных рисков и эффективность управления. Однако повышение ключевой ставки ЦБ до 16% создает давление на спрос на кредиты и увеличивает стоимость фондирования, что может ограничить дальнейший рост кредитного портфеля.

Макроэкономическая среда остается нестабильной: высокие ставки сдерживают экономическую активность, а внешние санкции поддерживают структурные риски. Тем не менее, Сбер имеет доступ к ликвидности, государственную поддержку и низкие просрочки — это позволяет ему лучше других проходить через цикл.

В текущей конъюнктуре акция не выглядит недооцененной для активного покупка, но и сигналов к продаже нет — фундаменталы стабильны, дивиденды attractive. Лучше держать позицию и ждать более четких сигналов по изменению макроциклов или корпоративных событий.
2025-09-08 13:19:52,760 INFO ✅ Dalio решает:: HOLD SBER (уверенность: 7/10)
2025-09-08 13:19:52,760 INFO : 
📈 ОБСУЖДЕНИЕ ТИКЕРА 2/6: LKOH
2025-09-08 13:19:52,761 INFO 💭 Buffett: анализирует LKOH...
2025-09-08 13:20:05,380 INFO ::1 [08/Sep/2025:13:19:03 +0300] "GET /reasoning HTTP/1.1" 101 0 "-" "Mozilla/5.0 (Macintosh; Intel Mac OS X 10_15_7) AppleWebKit/537.36 (KHTML, like Gecko) Chrome/139.0.0.0 Safari/537.36"
2025-09-08 13:20:05,381 INFO ::1 [08/Sep/2025:13:19:03 +0300] "GET /login HTTP/1.1" 101 0 "-" "Mozilla/5.0 (Macintosh; Intel Mac OS X 10_15_7) AppleWebKit/537.36 (KHTML, like Gecko) Chrome/139.0.0.0 Safari/537.36"
2025-09-08 13:20:05,381 INFO ::1 [08/Sep/2025:13:19:03 +0300] "GET /log HTTP/1.1" 101 0 "-" "Mozilla/5.0 (Macintosh; Intel Mac OS X 10_15_7) AppleWebKit/537.36 (KHTML, like Gecko) Chrome/139.0.0.0 Safari/537.36"
2025-09-08 13:20:05,381 INFO ::1 [08/Sep/2025:13:19:03 +0300] "GET /chat HTTP/1.1" 101 0 "-" "Mozilla/5.0 (Macintosh; Intel Mac OS X 10_15_7) AppleWebKit/537.36 (KHTML, like Gecko) Chrome/139.0.0.0 Safari/537.36"
2025-09-08 14:46:35,768 INFO Получен сигнал завершения...
2025-09-08 14:46:35,770 INFO Завершение работы...
2025-09-08 14:57:51,461 INFO 🚀 Мультиагентная система анализа акций запущена
2025-09-08 14:57:51,462 INFO 📱 Откройте http://localhost:8080 в браузере
2025-09-08 14:57:51,462 INFO System: 🤖 Система готова к работе! Задайте вопрос о вашем портфеле.
2025-09-08 14:58:02,165 INFO ::1 [08/Sep/2025:14:58:02 +0300] "GET / HTTP/1.1" 304 179 "-" "Mozilla/5.0 (Macintosh; Intel Mac OS X 10_15_7) AppleWebKit/537.36 (KHTML, like Gecko) Chrome/139.0.0.0 Safari/537.36"
2025-09-08 14:58:02,183 INFO ::1 [08/Sep/2025:14:58:02 +0300] "GET /static/js/app.js HTTP/1.1" 304 180 "http://localhost:8080/" "Mozilla/5.0 (Macintosh; Intel Mac OS X 10_15_7) AppleWebKit/537.36 (KHTML, like Gecko) Chrome/139.0.0.0 Safari/537.36"
2025-09-08 14:58:02,184 INFO ::1 [08/Sep/2025:14:58:02 +0300] "GET /static/css/style.css HTTP/1.1" 304 180 "http://localhost:8080/" "Mozilla/5.0 (Macintosh; Intel Mac OS X 10_15_7) AppleWebKit/537.36 (KHTML, like Gecko) Chrome/139.0.0.0 Safari/537.36"
2025-09-08 14:58:04,422 INFO 📨 Получено сообщение: анализ портфеля
2025-09-08 14:58:04,424 INFO 🤖 Обработка сообщения: анализ портфеля
2025-09-08 14:58:04,430 INFO Router node
2025-09-08 14:58:04,430 INFO Checking user and news data in router
2025-09-08 14:58:04,430 INFO User data node
2025-09-08 14:58:04,431 INFO User data loaded
2025-09-08 14:58:04,431 INFO Router node
2025-09-08 14:58:04,431 INFO Checking user and news data in router
2025-09-08 14:58:04,432 INFO News data node
2025-09-08 14:58:04,432 INFO News data loaded
2025-09-08 14:58:04,432 INFO Router node
2025-09-08 14:58:04,432 INFO Checking user and news data in router
2025-09-08 14:58:04,913 INFO HTTP Request: POST https://foundation-models.api.cloud.ru/v1/chat/completions "HTTP/1.1 200 OK"
2025-09-08 14:58:04,920 INFO Router detected category: analysis
2025-09-08 14:58:04,922 INFO Discussion node
2025-09-08 14:58:04,922 INFO Checking user data
2025-09-08 14:58:04,922 INFO Checking news data
2025-09-08 14:58:04,922 INFO 🤖 Агенты начинают обсуждение портфеля...
2025-09-08 14:58:04,922 INFO : 
🏛️ НАЧИНАЕТСЯ СОВЕЩАНИЕ ИНВЕСТИЦИОННОГО КОМИТЕТА
2025-09-08 14:58:04,922 INFO : 📊 Анализируем 6 тикеров: GAZP, LKOH, NVTK, SBER, SMLT, YDEX
2025-09-08 14:58:04,922 INFO : 👥 Участники: Buffett, Trump, Dalio
2025-09-08 14:58:04,922 INFO : 
📈 ОБСУЖДЕНИЕ ТИКЕРА 1/6: SBER
2025-09-08 14:58:04,922 INFO 💭 Buffett: анализирует SBER...
2025-09-08 14:58:12,393 INFO HTTP Request: POST https://foundation-models.api.cloud.ru/v1/chat/completions "HTTP/1.1 200 OK"
2025-09-08 14:58:12,395 INFO 📝 Buffett говорит::    **ДЕЙСТВИЕ:** ДЕРЖАТЬ  
**УВЕРЕННОСТЬ:** 8  

**ОБОСНОВАНИЕ:**  
Сбербанк — системообразующий игрок с устойчивым рыночным доминированием, высокими барьерами для конкуренции и масштабной клиентской базой. Рост прибыли на 15% подтверждает эффективность управления и улучшение кредитного качества.  

Однако ключевая ставка ЦБ на уровне 16% давит на спреды и может ограничить дальнейший рост НРВ. Тем не менее, Сбер остается хорошо капитализированным, генерирует стабильный кэшфлоу и имеет дивидендную доходность выше среднего по рынку.  

При текущих макрорисках и недооценке бизнеса — это скорее "держать", чем активно наращивать или продавать. Качество бизнеса высокое, но внешние факторы временно ограничивают потенциал.
2025-09-08 14:58:12,396 INFO ✅ Buffett решает:: HOLD SBER (уверенность: 8/10)
2025-09-08 14:58:12,396 INFO 💭 Trump: анализирует SBER...
2025-09-08 14:58:19,355 INFO HTTP Request: POST https://foundation-models.api.cloud.ru/v1/chat/completions "HTTP/1.1 200 OK"
2025-09-08 14:58:19,358 INFO 📝 Trump говорит::    ДЕЙСТВИЕ: ДЕРЖАТЬ  
УВЕРЕННОСТЬ: 7  

ОБОСНОВАНИЕ:  
Сбер — это крупнейший банк страны, сильный бренд, доминирующая рыночная позиция. Рост прибыли на 15% демонстрирует устойчивость бизнеса даже в сложной макроэкономической среде. Однако высокая ключевая ставка (16%) давит на спрос на кредиты и может ограничить дальнейший рост доходности. Также важно учитывать геополитические риски и санкционное давление, что снижает привлекательность для внешних инвесторов. Внутрироссийский потенциал остается, но перспективы экспансии ограничены. При такой стабильности и текущем уровне владения — держать.
2025-09-08 14:58:19,359 INFO ✅ Trump решает:: HOLD SBER (уверенность: 7/10)
2025-09-08 14:58:19,359 INFO 💭 Dalio: анализирует SBER...
2025-09-08 14:58:31,850 INFO HTTP Request: POST https://foundation-models.api.cloud.ru/v1/chat/completions "HTTP/1.1 200 OK"
2025-09-08 14:58:31,853 INFO 📝 Dalio говорит::    **ДЕЙСТВИЕ:** ДЕРЖАТЬ  
**УВЕРЕННОСТЬ:** 7  

**ОБОСНОВАНИЕ:**  
Сбербанк демонстрирует устойчивый рост прибыли (+15% в Q3), что подтверждает его доминирующую позицию на рынке и эффективность управления. Однако ключевая ставка ЦБ РФ повышена до 16%, что увеличивает стоимость капитала и может замедлить рост кредитного портфеля в будущем.  

Макроэкономическая среда остается сложной: высокие ставки давят на экономику, но банковский сектор в целом выигрывает от положительной процентной разницы. Тем не менее, дальнейший рост акций Сбера будет зависеть от стабилизации макроусловий.  

С точки зрения риска — высокая концентрация в одном банке и валютные риски сохраняются. При текущем уровне владения (100 акций по 250.5 руб.) целесообразно удерживать позицию, но не наращивать.  

Короткий горизонт: нейтрально. Долгосрочная инвестиционная привлекательность сохраняется, но требует мониторинга макрофонда.
2025-09-08 14:58:31,855 INFO ✅ Dalio решает:: HOLD SBER (уверенность: 7/10)
2025-09-08 14:58:31,855 INFO : 
📈 ОБСУЖДЕНИЕ ТИКЕРА 2/6: YDEX
2025-09-08 14:58:31,855 INFO 💭 Buffett: анализирует YDEX...
2025-09-08 14:58:44,852 INFO HTTP Request: POST https://foundation-models.api.cloud.ru/v1/chat/completions "HTTP/1.1 200 OK"
2025-09-08 14:58:44,856 INFO 📝 Buffett говорит::    ДЕЙСТВИЕ: **ДЕРЖАТЬ**  
УВЕРЕННОСТЬ: **7**

**ОБОСНОВАНИЕ:**  
Yandex (YDEX) — компания с сильной бизнес-моделью, доминирующей позицией в поиске и экосистеме в России, высокой рентабельностью и значительными барьерами для входа. Инвестиции в ИИ свидетельствуют о стратегической направленности на будущее и технологическое лидерство.  

Однако:  
- Регулирование со стороны государства представляет потенциальный риск для гибкости бизнеса и прибыльности.  
- Волатильность рынка и макроэкономическая нестабильность увеличивают риски.  
- Текущая цена может отражать значительную часть потенциального роста.  

Финансовые показатели стабильны, дивидендная политика умеренная. Качество менеджмента и операционная эффективность остаются сильными.  

При такой позиции (10 акций по 4500 руб.) и наличии уже умеренной экспозиции, смысла увеличивать нет. Продавать тоже рано — бизнес остается прибыльным и защищенным. Лучше держать и наблюдать за развитием регулирования и расширением ИИ-направлений.
2025-09-08 14:58:44,857 INFO ✅ Buffett решает:: HOLD YDEX (уверенность: 7/10)
2025-09-08 14:58:44,857 INFO 💭 Trump: анализирует YDEX...
2025-09-08 14:58:53,146 INFO HTTP Request: POST https://foundation-models.api.cloud.ru/v1/chat/completions "HTTP/1.1 200 OK"
2025-09-08 14:58:53,148 INFO 📝 Trump говорит::    ДЕЙСТВИЕ: **ДЕРЖАТЬ**  
УВЕРЕННОСТЬ: **6**  
ОБОСНОВАНИЕ:  
Яндекс — сильный бренд в России с доминирующей долей в поиске и цифровых сервисах. Инвестиции в ИИ (30 млрд руб.) показывают стратегическую направленность на будущее, что положительно. Однако риски усиления регулирования со стороны государства создают неопределенность. Также сохраняются геополитические и санкционные риски, ограничивающие экспортный потенциал и доступ к международным рынкам. В текущей позиции (10 акций по 4500 руб.) нет явных причин ни для срочной продажи, ни для увеличения доли — ситуация требует наблюдения.
2025-09-08 14:58:53,149 INFO ✅ Trump решает:: HOLD YDEX (уверенность: 6/10)
2025-09-08 14:58:53,149 INFO 💭 Dalio: анализирует YDEX...
2025-09-08 14:59:31,240 INFO HTTP Request: POST https://foundation-models.api.cloud.ru/v1/chat/completions "HTTP/1.1 200 OK"
2025-09-08 14:59:31,243 INFO 📝 Dalio говорит::    ДЕЙСТВИЕ: **ДЕРЖАТЬ**  
УВЕРЕННОСТЬ: **6**

**ОБОСНОВАНИЕ:**  
YDEX — это высокотехнологичная компания с фокусом на ИИ, что соответствует долгосрочному тренду цифровизации и автоматизации. Инвестиции в ИИ (30 млрд руб.) усиливают её конкурентные позиции, однако риски усиления регулирования в IT-секторе создают неопределенность относительно будущих нормативных ограничений и влияния на маржу.

С макроэкономической точки зрения, российский IT-сектор сталкивается с валютными и политическими рисками, что повышает волатильность. Тем не менее, Яндекс сохраняет доминирующую позицию на рынке поиска и цифровых сервисов, что частично компенсирует риски.

На текущем уровне владения (ср. цена 4500 руб.) позиция находится в прибыли, и при умеренной волатильности целесообразно держать актив, наблюдая за развитием регуляторной среды и прогрессом в ИИ. Продажа преждевременна, покупка — рискованна из-за внешних факторов.
2025-09-08 14:59:31,244 INFO ✅ Dalio решает:: HOLD YDEX (уверенность: 6/10)
2025-09-08 14:59:31,244 INFO : 
📈 ОБСУЖДЕНИЕ ТИКЕРА 3/6: GAZP
2025-09-08 14:59:31,244 INFO 💭 Buffett: анализирует GAZP...
2025-09-08 14:59:39,842 INFO HTTP Request: POST https://foundation-models.api.cloud.ru/v1/chat/completions "HTTP/1.1 200 OK"
2025-09-08 14:59:39,845 INFO 📝 Buffett говорит::    ДЕЙСТВИЕ: **ДЕРЖАТЬ**  
УВЕРЕННОСТЬ: **7**

**ОБОСНОВАНИЕ:**  
GAZP — это классический представитель компании с устойчивыми конкурентными преимуществами благодаря контролю над крупнейшими запасами газа и ключевой ролью в энергетическом экспорте. Однако текущая ситуация характеризуется высокой волатильностью внешнего спроса и геополитическими рисками.

**Плюсы:**
- Расширение поставок в Китай компенсирует падение спроса из Европы.
- Низкая оценка P/E и высокая дивидендная доходность.
- Сильные барьеры для входа в бизнес и государственная поддержка.

**Минусы:**
- Зависимость от внешнеполитической ситуации и санкций.
- Ограниченный доступ к международным рынкам капитала.
- Риск дальнейшего снижения объемов экспорта в Европу.

При текущей цене и дивидендной отдаче компания остается интересной для доходных инвесторов, но значительные риски не позволяют рекомендовать активное накопление. Лучше держать имеющуюся позицию и наблюдать за развитием событий.
2025-09-08 14:59:39,845 INFO ✅ Buffett решает:: HOLD GAZP (уверенность: 7/10)
2025-09-08 14:59:39,846 INFO 💭 Trump: анализирует GAZP...
2025-09-08 14:59:45,269 INFO HTTP Request: POST https://foundation-models.api.cloud.ru/v1/chat/completions "HTTP/1.1 200 OK"
2025-09-08 14:59:45,273 INFO 📝 Trump говорит::    ДЕЙСТВИЕ: ДЕРЖАТЬ  
УВЕРЕННОСТЬ: 7  

ОБОСНОВАНИЕ:  
GAZP — это классический пример государственной компании с доминирующей позицией на внутреннем рынке и значительной экспортной базой. Рост поставок в Китай компенсирует падение спроса из Европы, что делает компанию менее уязвимой для односторонней зависимости. Однако санкции и геополитическая напряженность ограничивают upside и создают долгосрочные риски. В условиях нестабильной политической среды и валютных колебаний я бы не стал активно наращивать позицию, но и продавать нет смысла — компания остается системообразующей, с устойчивым денежным потоком.
2025-09-08 14:59:45,273 INFO ✅ Trump решает:: HOLD GAZP (уверенность: 7/10)
2025-09-08 14:59:45,274 INFO 💭 Dalio: анализирует GAZP...
2025-09-08 14:59:57,249 INFO HTTP Request: POST https://foundation-models.api.cloud.ru/v1/chat/completions "HTTP/1.1 200 OK"
2025-09-08 14:59:57,252 INFO 📝 Dalio говорит::    **ДЕЙСТВИЕ:** ДЕРЖАТЬ  
**УВЕРЕННОСТЬ:** 7  

**ОБОСНОВАНИЕ:**  
GAZP находится в структурном переходе: рост экспорта в Азию (в частности, Китай) частично компенсирует падение поставок в Европу. Однако этот баланс хрупок и зависит от геополитической динамики, санкционного давления и глобальных цен на энергоносители.  

С точки зрения фундаментального анализа:
- **Плюсы**: Увеличение объемов экспорта в Китай (+10 млрд куб. м в 2024) — поддержка выручки и маржинальности. Газпром остается системообразующей компанией с господдержкой.
- **Минусы**: Снижение экспортных доходов из Европы, высокая корреляция с курсом рубля и ценами на газ, ограничения доступа к международным рынкам капитала.  

С учетом текущей цены и рыночной волатильности, GAZP демонстрирует признаки недооценки, но риски ликвидности и внешнеполитической неопределенности остаются значительными. Продажа сейчас может быть преждевременной, а усреднение — рискованным без четкого восстановления макрофоновой картины.  

Рекомендация «ДЕРЖАТЬ» отражает баланс между потенциалом внутренней стабильности и внешними угрозами.
2025-09-08 14:59:57,253 INFO ✅ Dalio решает:: HOLD GAZP (уверенность: 7/10)
2025-09-08 14:59:57,253 INFO : 
📈 ОБСУЖДЕНИЕ ТИКЕРА 4/6: LKOH
2025-09-08 14:59:57,253 INFO 💭 Buffett: анализирует LKOH...
2025-09-08 15:00:10,969 INFO HTTP Request: POST https://foundation-models.api.cloud.ru/v1/chat/completions "HTTP/1.1 200 OK"
2025-09-08 15:00:10,971 INFO 📝 Buffett говорит::    ДЕЙСТВИЕ: **ДЕРЖАТЬ**  
УВЕРЕННОСТЬ: **8**

**ОБОСНОВАНИЕ:**  
Лукойл — одна из наиболее эффективных и дисциплинированных нефтяных компаний в России с сильной балансовой структурой, высокой рентабельностью и устойчивой дивидендной политикой. Однако текущие риски связаны с:

1. **Падением цен на нефть**, что напрямую влияет на прибыль.
2. **Инвестициями в «зеленую» энергетику**, что может быть стратегически разумным, но пока не дает четких сигналов о быстрой окупаемости или значительном вкладе в прибыль.

Фундаментально компания остается здоровой, с низким уровнем долга и высокой операционной эффективностью. Но в условиях волатильности нефтяного рынка и неопределенности в макроэкономике, преждевременно увеличивать позицию.

При текущей цене и вашей средней — вы находитесь в комфортной зоне для удержания. Продажа нецелесообразна, покупка требует более убедительных сигналов восстановления цен на нефть или уточнения деталей ESG-стратегии.
2025-09-08 15:00:10,972 INFO ✅ Buffett решает:: HOLD LKOH (уверенность: 8/10)
2025-09-08 15:00:10,973 INFO 💭 Trump: анализирует LKOH...
2025-09-08 15:00:23,361 INFO HTTP Request: POST https://foundation-models.api.cloud.ru/v1/chat/completions "HTTP/1.1 200 OK"
2025-09-08 15:00:23,363 INFO 📝 Trump говорит::    ДЕЙСТВИЕ: ДЕРЖАТЬ  
УВЕРЕННОСТЬ: 7  

ОБОСНОВАНИЕ:  
Лукойл — сильный бренд с устойчивой операционной эффективностью и глобальными активами. Компания демонстрирует адаптацию к энергетическому переходу через инвестиции в ВИЭ, что снижает долгосрочные риски. Однако текущее падение цен на нефть и санкционное давление создают краткосрочную волатильность. Политические риски остаются высокими, но экспортные возможности и вертикальная интеграция поддерживают стабильность. При средней покупке 6500 руб. — позиция выглядит умеренно недооцененной. Продажа преждевременна, лучше держать и наблюдать за динамикой рынка и новыми сигналами.
2025-09-08 15:00:23,364 INFO ✅ Trump решает:: HOLD LKOH (уверенность: 7/10)
2025-09-08 15:00:23,364 INFO 💭 Dalio: анализирует LKOH...
2025-09-08 15:00:33,599 INFO HTTP Request: POST https://foundation-models.api.cloud.ru/v1/chat/completions "HTTP/1.1 200 OK"
2025-09-08 15:00:33,602 INFO 📝 Dalio говорит::    **ДЕЙСТВИЕ:** ДЕРЖАТЬ  
**УВЕРЕННОСТЬ:** 7  

**ОБОСНОВАНИЕ:**  
LKOH — одна из наиболее системно важных компаний в России, с сильной дивидендной политикой и низкой оценкой на фоне структурных и макроэкономических рисков.  

**Плюсы:**  
- Низкая волатильность бизнеса, высокая операционная эффективность.  
- Диверсификация в сторону «зеленой» энергетики снижает долгосрочные ESG-риски и может улучшить доступ к международному капиталу в будущем.  
- Отраслевой лидер с высокой долей рынка и вертикальной интеграцией.  

**Минусы:**  
- Прямая корреляция с нефтью — текущее давление на цены (падение на 3%) негативно влияет на краткосрочную перспективу.  
- Макроэкономические риски: слабый рубль, санкционное давление, ограничения на экспорт.  

**Вывод:**  
Нефть — в краткосрочной перспективе ниже, что давит на прибыль. Однако Лукойл демонстрирует стратегическую адаптацию (зеленая энергетика) и остается надежным оператором в условиях высокой неопределенности. Продажа нецелесообразна, но и значительное увеличение позиции пока рано — ждем стабилизации цен на нефть и макрообстановки.
2025-09-08 15:00:33,604 INFO ✅ Dalio решает:: HOLD LKOH (уверенность: 7/10)
2025-09-08 15:00:33,604 INFO : 
📈 ОБСУЖДЕНИЕ ТИКЕРА 5/6: NVTK
2025-09-08 15:00:33,604 INFO 💭 Buffett: анализирует NVTK...
2025-09-08 15:00:41,792 INFO HTTP Request: POST https://foundation-models.api.cloud.ru/v1/chat/completions "HTTP/1.1 200 OK"
2025-09-08 15:00:41,796 INFO 📝 Buffett говорит::    ДЕЙСТВИЕ: **ДЕРЖАТЬ**  
УВЕРЕННОСТЬ: **8**

**ОБОСНОВАНИЕ:**  
Новатэк — одна из крупнейших компаний в мире по производству СПГ, с устойчивыми конкурентными преимуществами благодаря уникальным запасам газа, технологическим мощностям и долгосрочным контрактам. Запуск новой линии Ямал СПГ подтверждает операционную дисциплину и способность наращивать объемы производства, что положительно скажется на денежных потоках.

Однако текущая цена акции уже отражает значительную часть этих ожиданий, а отрасль остается чувствительной к геополитическим рискам и волатильности энергорынков. Финансовые показатели стабильны, дивидендная политика умеренно predictable, но рост уже во многом учтен.

При наличии позиции с хорошей наценкой — нет сильных оснований ни для усреднения, ни для выхода. Лучше держать и следить за дальнейшим развитием проектов и изменением макрообстановки.
2025-09-08 15:00:41,797 INFO ✅ Buffett решает:: HOLD NVTK (уверенность: 8/10)
2025-09-08 15:00:41,797 INFO 💭 Trump: анализирует NVTK...
2025-09-08 15:00:48,039 INFO HTTP Request: POST https://foundation-models.api.cloud.ru/v1/chat/completions "HTTP/1.1 200 OK"
2025-09-08 15:00:48,042 INFO 📝 Trump говорит::    ДЕЙСТВИЕ: **ДЕРЖАТЬ**  
УВЕРЕННОСТЬ: **7/10**  
ОБОСНОВАНИЕ:  
Новатэк — один из самых сильных игроков в газовой отрасли России с уникальной экспортной ориентацией и технологическим преимуществом (Ямал СПГ). Запуск новой линии увеличивает производственные мощности и подтверждает операционную эффективность компании — это позитивный сигнал.  

Однако геополитические риски и санкционное давление остаются ключевыми угрозами для бизнеса и ликвидности акций. Валютные риски также значительны. Руководство компании опытное, но влияние государства на отрасль высокое.  

При текущих условиях я бы не стал активно накапливать позицию, но и спешить с продажей не стоит — компания демонстрирует рост и остается лидером отрасли. Отслеживайте динамику санкций и экспортных контрактов.
2025-09-08 15:00:48,043 INFO ✅ Trump решает:: HOLD NVTK (уверенность: 7/10)
2025-09-08 15:00:48,043 INFO 💭 Dalio: анализирует NVTK...
2025-09-08 15:01:13,945 INFO HTTP Request: POST https://foundation-models.api.cloud.ru/v1/chat/completions "HTTP/1.1 200 OK"
2025-09-08 15:01:13,949 INFO 📝 Dalio говорит::    ДЕЙСТВИЕ: **ДЕРЖАТЬ**  
УВЕРЕННОСТЬ: **7**

**ОБОСНОВАНИЕ:**  
Новатэк — ключевой игрок в секторе СПГ с уникальной экспозицией к арктическим проектам. Запуск новой линии Ямал СПГ подтверждает операционную дисциплину и способность наращивать мощности, что положительно влияет на долгосрочные перспективы дивидендов и стоимости компании.

Однако:

- **Макро риски высоки**: зависимость от цен на газ, санкционного давления, валютных колебаний (рубль/доллар).
- **Цикличность бизнеса**: доходы напрямую коррелируют с глобальными энергетическими ценами и спросом на СПГ.
- **Ликвидность и волатильность**: российский рынок остается менее предсказуемым, чем развитые рынки.

При текущей позиции (15 акций, средняя 1200 руб.) — нет явных сигналов ни для усреднения, ни для выхода. Компания фундаментально сильна, но внешние риски требуют осторожности. Рекомендую держать с возможным хеджированием валютной позиции.
2025-09-08 15:01:13,950 INFO ✅ Dalio решает:: HOLD NVTK (уверенность: 7/10)
2025-09-08 15:01:13,950 INFO : 
📈 ОБСУЖДЕНИЕ ТИКЕРА 6/6: SMLT
2025-09-08 15:01:13,951 INFO 💭 Buffett: анализирует SMLT...
2025-09-08 15:01:25,414 INFO HTTP Request: POST https://foundation-models.api.cloud.ru/v1/chat/completions "HTTP/1.1 200 OK"
2025-09-08 15:01:25,417 INFO 📝 Buffett говорит::    ДЕЙСТВИЕ: **ДЕРЖАТЬ**  
УВЕРЕННОСТЬ: **6**

**ОБОСНОВАНИЕ:**  
SMLT столкнулась с резким падением цены акций, что вызвано, скорее всего, ухудшением рыночных условий в сегменте недвижимости — ключевом для бизнеса. Снижение цен на жильё, рост ставок и сокращение доступности ипотеки давят на объемы продаж. Однако:

- **Финансовая устойчивость**: Необходим детальный анализ бухгалтерского баланса и денежных потоков. Если компания имеет низкий уровень долга и достаточную ликвидность, то падение может быть временным.
- **Переоценка бизнеса**: Текущая цена (~1000 руб.) может уже отражать худшие ожидания рынка. Возможна инвестиционная ценность при наличии фундаментальной прибыльности.
- **Дивидендная политика**: Если компания сохраняет выплаты, это добавляет защиту downside.
- **Конкурентные преимущества**: Наличие узнаваемого бренда и активов в привлекательных регионах может поддерживать долгосрочную стоимость.

**Риски**:  
– Продолжение давления на рынок недвижимости;  
– Отток клиентов из-за удорожания ипотеки;  
– Недостаток прозрачности в отчетности (типично для части российских компаний).

**Вывод**:  
Пока рано говорить о покупке — требуется больше данных. Продавать тоже не стоит, так как позиция уже в портфеле по цене выше текущей, но не критично. Лучше дождаться стабилизации ситуации и улучшения финансовой отчетности.
2025-09-08 15:01:25,418 INFO ✅ Buffett решает:: HOLD SMLT (уверенность: 6/10)
2025-09-08 15:01:25,418 INFO 💭 Trump: анализирует SMLT...
2025-09-08 15:01:32,095 INFO HTTP Request: POST https://foundation-models.api.cloud.ru/v1/chat/completions "HTTP/1.1 200 OK"
2025-09-08 15:01:32,097 INFO 📝 Trump говорит::    ДЕЙСТВИЕ: **ПРОДАТЬ**  
УВЕРЕННОСТЬ: **8**  
ОБОСНОВАНИЕ:  
Резкий обвал акций SMLT с 4000 до 1000 рублей указывает на серьёзные фундаментальные проблемы или потерю доверия инвесторов. Массовая распродажа бумаг — сигнал тревожный, особенно для компании, работающей в секторе, чувствительном к ипотечной политике и ставкам ЦБ. Учитывая, что основной спрос ранее шёл за счёт льготной ипотеки, повышение ключевой ставки ЦБ негативно влияет на перспективы роста. В текущей ситуации высоки риски дальнейшего падения. Лучше выйти из позиции и сохранить капитал для более надёжных активов.
2025-09-08 15:01:32,098 INFO ✅ Trump решает:: SELL SMLT (уверенность: 8/10)
2025-09-08 15:01:32,099 INFO 💭 Dalio: анализирует SMLT...
2025-09-08 15:01:39,855 INFO HTTP Request: POST https://foundation-models.api.cloud.ru/v1/chat/completions "HTTP/1.1 200 OK"
2025-09-08 15:01:39,857 INFO 📝 Dalio говорит::    ДЕЙСТВИЕ: **ПРОДАТЬ**  
УВЕРЕННОСТЬ: **8**  

**ОБОСНОВАНИЕ:**  
Резкое падение акций SMLT с 4000 до 1000 руб. указывает на серьезные фундаментальные проблемы или потерю доверия инвесторов. Массовая распродажа бумаг — сигнал негативного рыночного сценария. Компания, судя по всему, зависит от льготной ипотеки, которая потеряла актуальность после повышения ключевой ставки ЦБ — это удар по основному источнику спроса.  

С точки зрения риск-менеджмента:  
- Удержание позиции с текущей средней ценой 1100 руб. создает высокий риск дополнительных убытков.  
- Отсутствие явных фундаментальных улучшений и поддержки макроэкономической среды.  
- Низкая ликвидность и высокая волатильность делают акцию опасным активом для удержания.  

Рекомендую выйти из позиции и пересмотреть инвестиционную стратегию в пользу более устойчивых и диверсифицированных активов.
2025-09-08 15:01:39,858 INFO ✅ Dalio решает:: SELL SMLT (уверенность: 8/10)
2025-09-08 15:01:39,858 INFO : 
🎯 СОВЕЩАНИЕ ЗАВЕРШЕНО
2025-09-08 15:01:39,858 INFO : 📋 Получено 18 мнений от агентов
2025-09-08 15:01:39,858 INFO 🔄 АГРЕГАЦИЯ РЕШЕНИЙ АГЕНТОВ
2025-09-08 15:01:39,858 INFO ----------------------------------------
2025-09-08 15:01:39,858 INFO ✅ Получено 18 мнений от агентов
2025-09-08 15:01:39,858 INFO 📊 Агрегировано 6 решений
2025-09-08 15:01:39,858 INFO 📋 SBER: HOLD (уверенность: 7.3, консенсус: 1.0)
2025-09-08 15:01:39,858 INFO 📋 YDEX: HOLD (уверенность: 6.3, консенсус: 1.0)
2025-09-08 15:01:39,858 INFO 📋 GAZP: HOLD (уверенность: 7.0, консенсус: 1.0)
2025-09-08 15:01:39,858 INFO 📋 LKOH: HOLD (уверенность: 7.3, консенсус: 1.0)
2025-09-08 15:01:39,858 INFO 📋 NVTK: HOLD (уверенность: 7.3, консенсус: 1.0)
2025-09-08 15:01:39,858 INFO 📋 SMLT: SELL (уверенность: 7.3, консенсус: 0.7)
2025-09-08 15:01:39,861 INFO Risk node
2025-09-08 15:01:39,861 INFO ⚠️ Риск-менеджер оценивает риски...
2025-09-08 15:01:53,165 INFO HTTP Request: POST https://foundation-models.api.cloud.ru/v1/chat/completions "HTTP/1.1 200 OK"
2025-09-08 15:02:05,145 INFO HTTP Request: POST https://foundation-models.api.cloud.ru/v1/chat/completions "HTTP/1.1 200 OK"
2025-09-08 15:02:16,307 INFO HTTP Request: POST https://foundation-models.api.cloud.ru/v1/chat/completions "HTTP/1.1 200 OK"
2025-09-08 15:02:26,649 INFO HTTP Request: POST https://foundation-models.api.cloud.ru/v1/chat/completions "HTTP/1.1 200 OK"
2025-09-08 15:02:47,438 INFO HTTP Request: POST https://foundation-models.api.cloud.ru/v1/chat/completions "HTTP/1.1 200 OK"
2025-09-08 15:03:06,278 INFO HTTP Request: POST https://foundation-models.api.cloud.ru/v1/chat/completions "HTTP/1.1 200 OK"
2025-09-08 15:03:06,281 INFO ✅ Оценены риски для 6 позиций
2025-09-08 15:03:06,281 INFO ⚠️ SBER: уровень риска 5/10
2025-09-08 15:03:06,281 INFO ⚠️ YDEX: уровень риска 7/10
2025-09-08 15:03:06,281 INFO ⚠️ GAZP: уровень риска 8/10
2025-09-08 15:03:06,281 INFO ⚠️ LKOH: уровень риска 5/10
2025-09-08 15:03:06,281 INFO ⚠️ NVTK: уровень риска 5/10
2025-09-08 15:03:06,281 INFO ⚠️ SMLT: уровень риска 5/10
2025-09-08 15:03:06,283 INFO Finalizer node
2025-09-08 15:03:06,284 INFO 📋 Формирование итоговых рекомендаций...
2025-09-08 15:03:17,849 INFO HTTP Request: POST https://foundation-models.api.cloud.ru/v1/chat/completions "HTTP/1.1 200 OK"
2025-09-08 15:03:17,851 INFO ✅ Итоговые рекомендации сформированы
2025-09-08 15:03:17,865 INFO Bot: 
### **ИТОГОВЫЕ РЕКОМЕНДАЦИИ ПО УПРАВЛЕНИЮ ПОРТФЕЛЕМ**

---

#### **1. Какие акции купить и в каком объеме**
На текущий момент **нет явных сигналов для покупки** новых позиций согласно мнению агентов-инвесторов и оценке рисков. Все активы находятся либо в статусе **HOLD**, либо **SELL**. Однако, если клиент готов принять дополнительные риски ради роста, можно рассмотреть:

- **LKOH**: несмотря на статус HOLD, имеет низкий риск (5/10) и высокую потенциальную доходность при росте цен на нефть.  
  **Рекомендуемый объем:** до 10% от капитала.

> *Примечание:* Покупка возможна только при наличии свободных средств и понимании рисков.

---

#### **2. Какие акции продать**
- **SMLT**:  
  - Статус от агентов — **SELL**  
  - Уровень уверенности — высокий (7.3)  
  - Консенсус — ниже 1.0 (0.7)  
  - Риск — средний (5/10), но нет положительного потенциала роста  

**Рекомендация:** Продать полностью или частично (не менее 50%) позицию SMLT.

---

#### **3. Какие акции держать**
Следующие активы рекомендуется **удерживать** в портфеле:

- **SBER** – стабильный банк с умеренным риском (5/10), высокой ликвидностью и устойчивым дивидендным потоком.
- **GAZP** – базовый актив с высокой волатильностью (риск 8/10), но с фундаментальной значимостью и дивидендами.
- **LKOH** – лидер нефтегазового сектора с хорош
2025-09-08 15:12:33,134 INFO ::1 [08/Sep/2025:14:58:02 +0300] "GET /chat HTTP/1.1" 101 0 "-" "Mozilla/5.0 (Macintosh; Intel Mac OS X 10_15_7) AppleWebKit/537.36 (KHTML, like Gecko) Chrome/139.0.0.0 Safari/537.36"
2025-09-08 15:12:33,135 INFO ::1 [08/Sep/2025:14:58:02 +0300] "GET /login HTTP/1.1" 101 0 "-" "Mozilla/5.0 (Macintosh; Intel Mac OS X 10_15_7) AppleWebKit/537.36 (KHTML, like Gecko) Chrome/139.0.0.0 Safari/537.36"
2025-09-08 15:12:33,136 INFO ::1 [08/Sep/2025:14:58:02 +0300] "GET /reasoning HTTP/1.1" 101 0 "-" "Mozilla/5.0 (Macintosh; Intel Mac OS X 10_15_7) AppleWebKit/537.36 (KHTML, like Gecko) Chrome/139.0.0.0 Safari/537.36"
2025-09-08 15:12:33,136 INFO ::1 [08/Sep/2025:14:58:02 +0300] "GET /log HTTP/1.1" 101 0 "-" "Mozilla/5.0 (Macintosh; Intel Mac OS X 10_15_7) AppleWebKit/537.36 (KHTML, like Gecko) Chrome/139.0.0.0 Safari/537.36"
2025-09-08 15:13:23,545 INFO Получен сигнал завершения...
2025-09-08 15:13:23,546 INFO Завершение работы...
2025-09-08 15:26:21,745 INFO 🚀 Мультиагентная система анализа акций запущена
2025-09-08 15:26:21,745 INFO 📱 Откройте http://localhost:8080 в браузере
2025-09-08 15:26:21,745 INFO System: 🤖 Система готова к работе! Задайте вопрос о вашем портфеле.
2025-09-08 15:26:32,267 INFO ::1 [08/Sep/2025:15:26:32 +0300] "GET / HTTP/1.1" 304 179 "-" "Mozilla/5.0 (Macintosh; Intel Mac OS X 10_15_7) AppleWebKit/537.36 (KHTML, like Gecko) Chrome/139.0.0.0 Safari/537.36"
2025-09-08 15:26:32,290 INFO ::1 [08/Sep/2025:15:26:32 +0300] "GET /static/js/app.js HTTP/1.1" 304 180 "http://localhost:8080/" "Mozilla/5.0 (Macintosh; Intel Mac OS X 10_15_7) AppleWebKit/537.36 (KHTML, like Gecko) Chrome/139.0.0.0 Safari/537.36"
2025-09-08 15:26:32,290 INFO ::1 [08/Sep/2025:15:26:32 +0300] "GET /static/css/style.css HTTP/1.1" 304 180 "http://localhost:8080/" "Mozilla/5.0 (Macintosh; Intel Mac OS X 10_15_7) AppleWebKit/537.36 (KHTML, like Gecko) Chrome/139.0.0.0 Safari/537.36"
2025-09-08 15:26:38,235 INFO 📨 Получено сообщение: какой у меня портфель
2025-09-08 15:26:38,236 INFO 🤖 Обработка сообщения: какой у меня портфель
2025-09-08 15:26:38,245 INFO Router node
2025-09-08 15:26:38,245 INFO Checking user and news data in router
2025-09-08 15:26:38,247 INFO User data node
2025-09-08 15:26:38,247 INFO User data loaded
2025-09-08 15:26:38,248 INFO Router node
2025-09-08 15:26:38,248 INFO Checking user and news data in router
2025-09-08 15:26:38,249 INFO News data node
2025-09-08 15:26:38,249 INFO News data loaded
2025-09-08 15:26:38,250 INFO Router node
2025-09-08 15:26:38,250 INFO Checking user and news data in router
2025-09-08 15:26:43,799 INFO HTTP Request: POST https://foundation-models.api.cloud.ru/v1/chat/completions "HTTP/1.1 200 OK"
2025-09-08 15:26:43,811 INFO Router detected category: fact
2025-09-08 15:26:43,813 INFO Fact node
2025-09-08 15:26:53,830 INFO HTTP Request: POST https://foundation-models.api.cloud.ru/v1/chat/completions "HTTP/1.1 200 OK"
2025-09-08 15:26:53,832 INFO Bot: Ваш портфель состоит из следующих активов:

1. **SBER** (Финансы): 100 акций, средняя цена покупки 250.5 ₽, текущая цена 280.3 ₽  
2. **GAZP** (Энергетика): 50 акций, средняя цена покупки 180.2 ₽, текущая цена 165.8 ₽  
3. **LKOH** (Энергетика): 25 акций, средняя цена покупки 6500.0 ₽, текущая цена 7200.0 ₽  
4. **NVTK** (Энергетика): 15 акций, средняя цена покупки 1200.0 ₽, текущая цена 1350.0 ₽  
5. **YDEX** (Технологии): 10 акций, средняя цена покупки 4500.0 ₽, текущая цена 4200.0 ₽  
6. **SMLT** (Недвижимость): 10 акций, средняя цена покупки 1100.0 ₽, текущая цена 1204.0 ₽
2025-09-08 15:27:05,679 INFO 📨 Получено сообщение: а давай проанализируешь мой портфель
2025-09-08 15:27:05,679 INFO 🤖 Обработка сообщения: а давай проанализируешь мой портфель
2025-09-08 15:27:05,684 INFO Router node
2025-09-08 15:27:05,684 INFO Checking user and news data in router
2025-09-08 15:27:05,685 INFO User data node
2025-09-08 15:27:05,686 INFO User data loaded
2025-09-08 15:27:05,687 INFO Router node
2025-09-08 15:27:05,687 INFO Checking user and news data in router
2025-09-08 15:27:05,687 INFO News data node
2025-09-08 15:27:05,688 INFO News data loaded
2025-09-08 15:27:05,689 INFO Router node
2025-09-08 15:27:05,689 INFO Checking user and news data in router
2025-09-08 15:27:05,920 INFO HTTP Request: POST https://foundation-models.api.cloud.ru/v1/chat/completions "HTTP/1.1 200 OK"
2025-09-08 15:27:05,923 INFO Router detected category: analysis
2025-09-08 15:27:05,925 INFO Discussion node
2025-09-08 15:27:05,925 INFO Checking user data
2025-09-08 15:27:05,925 INFO Checking news data
2025-09-08 15:27:05,925 INFO 🤖 Агенты начинают обсуждение портфеля...
2025-09-08 15:27:05,925 INFO : 
🏛️ НАЧИНАЕТСЯ СОВЕЩАНИЕ ИНВЕСТИЦИОННОГО КОМИТЕТА
2025-09-08 15:27:05,925 INFO : 📊 Анализируем 6 тикеров: GAZP, LKOH, NVTK, SBER, SMLT, YDEX
2025-09-08 15:27:05,925 INFO : 👥 Участники: Buffett, Trump, Dalio
2025-09-08 15:27:05,926 INFO : 
📈 ОБСУЖДЕНИЕ ТИКЕРА 1/6: NVTK
2025-09-08 15:27:05,926 INFO 💭 Buffett: анализирует NVTK...
2025-09-08 15:27:14,945 INFO HTTP Request: POST https://foundation-models.api.cloud.ru/v1/chat/completions "HTTP/1.1 200 OK"
2025-09-08 15:27:14,947 INFO 📝 Buffett говорит::    ДЕЙСТВИЕ: **ДЕРЖАТЬ**  
УВЕРЕННОСТЬ: **8**

**ОБОСНОВАНИЕ:**  
Новатэк — одна из ключевых компаний в секторе СПГ с уникальной экспертизой и крупными проектами, такими как Ямал СПГ. Запуск четвертой линии увеличивает операционные мощности и подтверждает выполнение капитальных планов, что положительно влияет на долгосрочные перспективы.  

Финансовые показатели остаются сильными: высокая рентабельность, умеренный уровень долга при хорошем денежном потоке. Дивидендная политика стабильная, компания защищена от инфляции через привязку к ценам на газ.  

Однако текущая оценка может быть близка к справедливой, а макроэкономические риски и волатильность в секторе энергетики требуют осторожности. При такой позиции (средняя цена 1200 руб.) и текущей рыночной capitalization, разумнее удерживать и наблюдать за дальнейшим развитием операционных и финансовых метрик.
2025-09-08 15:27:14,949 INFO ✅ Buffett решает:: HOLD NVTK (уверенность: 8/10)
2025-09-08 15:27:14,949 INFO 💭 Trump: анализирует NVTK...
2025-09-08 15:28:07,148 INFO HTTP Request: POST https://foundation-models.api.cloud.ru/v1/chat/completions "HTTP/1.1 200 OK"
2025-09-08 15:28:07,151 INFO 📝 Trump говорит::    ДЕЙСТВИЕ: **ДЕРЖАТЬ**  
УВЕРЕННОСТЬ: **7**

**ОБОСНОВАНИЕ:**  
Новатэк — один из самых сильных игроков в газовой отрасли России с уникальной экспортной ориентацией и крупными проектами, типа Ямал СПГ. Запуск новой линии производства подтверждает операционную дисциплину и способность наращивать мощности, что положительно влияет на долгосрочные перспективы. Однако действующие санкции и геополитическая напряженность ограничивают доступ к зарубежным рынкам и технологиям, что создает риски. Валютные колебания и зависимость от внешней политики также снижают привлекательность для консервативного инвестора. При имеющейся позиции — держать, но новые покупки без значительного улучшения макрообстановки не рекомендуются.
2025-09-08 15:28:07,152 INFO ✅ Trump решает:: HOLD NVTK (уверенность: 7/10)
2025-09-08 15:28:07,152 INFO 💭 Dalio: анализирует NVTK...
2025-09-08 15:28:34,183 INFO HTTP Request: POST https://foundation-models.api.cloud.ru/v1/chat/completions "HTTP/1.1 200 OK"
2025-09-08 15:28:34,185 INFO 📝 Dalio говорит::    ДЕЙСТВИЕ: **ДЕРЖАТЬ**  
УВЕРЕННОСТЬ: **7**

**ОБОСНОВАНИЕ:**  
Новатэк — ключевой игрок в секторе СПГ с сильной экспортной ориентацией. Запуск новой линии Ямал СПГ подтверждает операционную дисциплину и способность наращивать мощности, что положительно влияет на долгосрочные перспективы. Однако текущая оценка уже учитывает значительную часть этого роста.

Риски:
- Высокая зависимость от цен на газ и экспортных условий;
- Геополитическая неопределенность ограничивает upside для западных рынков;
- Волатильность рубля и ставок ЦБ усиливает валютно-процентные риски.

При этом:
- Дивидендная политика остается привлекательной при сохранении прибыльности;
- Низкая корреляция с традиционными активами повышает ценность в диверсифицированном портфеле.

При средней цене покупки 1200 руб. и текущей волатильностью рынка — **удержание** с разумным риск-профилем. Агрессивное переоценка неоправданна; точка входа была умеренной, но не дешевой.
2025-09-08 15:28:34,187 INFO ✅ Dalio решает:: HOLD NVTK (уверенность: 7/10)
2025-09-08 15:28:34,187 INFO : 
📈 ОБСУЖДЕНИЕ ТИКЕРА 2/6: LKOH
2025-09-08 15:28:34,187 INFO 💭 Buffett: анализирует LKOH...
2025-09-08 15:28:46,267 INFO HTTP Request: POST https://foundation-models.api.cloud.ru/v1/chat/completions "HTTP/1.1 200 OK"
2025-09-08 15:28:46,270 INFO 📝 Buffett говорит::    ДЕЙСТВИЕ: **ДЕРЖАТЬ**  
УВЕРЕННОСТЬ: **8**

**ОБОСНОВАНИЕ:**  
Лукойл — одна из наиболее эффективно управляемых вертикально интегрированных нефтяных компаний в России с сильной рентабельностью, умеренным уровнем долга и стабильной дивидендной политикой. Финансовые показатели (ROE ~15–20%, низкий долг/капитал) остаются привлекательными для инвестора, ориентированного на фундаментал.

Инвестиции в возобновляемую энергетику говорят о стратегической адаптации к будущим изменениям рынка, что положительно влияет на долгосрочную устойчивость бизнеса. Однако текущее снижение цен на нефть может временно давить на прибыль, особенно в условиях возможной макроэкономической неопределенности.

При этом компания демонстрирует способность генерировать свободный денежный поток даже в условиях волатильности цен на нефть. В ваших интересах — сохранять позицию, если вы не нуждаетесь в ликвидности и ваш горизонт инвестирования превышает 3–5 лет.

Продажа сейчас может быть преждевременной, а покупка дополнительных бумаг оправдана только при значительном снижении цены ниже справедливого уровня (~6000–6200 руб.), что требует дополнительного расчета маржи безопасности.
2025-09-08 15:28:46,271 INFO ✅ Buffett решает:: HOLD LKOH (уверенность: 8/10)
2025-09-08 15:28:46,271 INFO 💭 Trump: анализирует LKOH...
2025-09-08 15:29:00,148 INFO HTTP Request: POST https://foundation-models.api.cloud.ru/v1/chat/completions "HTTP/1.1 200 OK"
2025-09-08 15:29:00,151 INFO 📝 Trump говорит::    ДЕЙСТВИЕ: ДЕРЖАТЬ  
УВЕРЕННОСТЬ: 7  

ОБОСНОВАНИЕ:  
Лукойл — один из самых сильных энергетических брендов России, с устойчивой операционной эффективностью и диверсификацией бизнеса. Инвестиции в возобновляемую энергетику (50 млрд руб. до 2030) показывают стратегическую дальновидность менеджмента, что снижает долгосрочные риски перехода к «зелёной» экономике. Однако текущее падение цен на нефть на 3% негативно влияет на краткосрочную прибыльность.  

Геополитические риски и санкции остаются высокими, но Лукойл уже адаптировался к ограничениям, частично переключившись на азиатские рынки. Внутренний рынок и экспорт в Китай и Индию обеспечивают стабильный спрос.  

При текущей цене и уровне дивидендов акция выглядит разумной для удержания. Агрессивных покупок не рекомендую из-за волатильности сектора и внешнеполитической неопределённости. Продавать тоже нет смысла — компания остаётся лидером отрасли.
2025-09-08 15:29:00,151 INFO ✅ Trump решает:: HOLD LKOH (уверенность: 7/10)
2025-09-08 15:29:00,152 INFO 💭 Dalio: анализирует LKOH...
2025-09-08 15:29:09,019 INFO HTTP Request: POST https://foundation-models.api.cloud.ru/v1/chat/completions "HTTP/1.1 200 OK"
2025-09-08 15:29:09,021 INFO 📝 Dalio говорит::    ДЕЙСТВИЕ: **ДЕРЖАТЬ**  
УВЕРЕННОСТЬ: **7**

**ОБОСНОВАНИЕ:**  
LKOH — ключевой актив в энергетическом секторе России, сильно коррелирующий с ценами на нефть и макроэкономической ситуацией.  

**Плюсы:**  
- Диверсификация бизнеса: инвестиции в ВИЭ снижают долгосрочные риски зависимости от нефти.  
- Устойчивая дивидендная политика и сильная балансовая структура.  

**Риски:**  
- Краткосрочное давление из-за падения цен на нефть (Brent -3%) снижает операционную маржу.  
- Волатильность рубля и потенциальные ограничения на международные операции.  

**Вывод:**  
В текущей позиции (средняя цена 6500 руб.) есть небольшая просадка, но фундаментальная привлекательность сохраняется. Продажа преждевременна, покупка неоправданна из-за краткосрочной неопределенности. Оптимально — держать с внимательным мониторингом цен на нефть и валютных рисков.
2025-09-08 15:29:09,022 INFO ✅ Dalio решает:: HOLD LKOH (уверенность: 7/10)
2025-09-08 15:29:09,022 INFO : 
📈 ОБСУЖДЕНИЕ ТИКЕРА 3/6: SBER
2025-09-08 15:29:09,022 INFO 💭 Buffett: анализирует SBER...
2025-09-08 15:30:19,547 INFO HTTP Request: POST https://foundation-models.api.cloud.ru/v1/chat/completions "HTTP/1.1 200 OK"
2025-09-08 15:30:19,548 INFO 📝 Buffett говорит::    **ДЕЙСТВИЕ:** ДЕРЖАТЬ  
**УВЕРЕННОСТЬ:** 8  

**ОБОСНОВАНИЕ:**  
Сбербанк — системообразующий игрок с устойчивым рыночным доминированием, высокими барьерами для конкуренции и регулярной дивидендной отдачей. Рост прибыли на 15% подтверждает эффективность масштабирования и управления рисками.  

Однако повышение ключевой ставки ЦБ до 16% создает давление на спрос на кредиты и может замедлить рост кредитного портфеля. Тем не менее, как монополист в банковском секторе с господдержкой, Сбер лучше большинства других компаний защищён от внешних шоков и умеет адаптироваться к жёсткой денежно-кредитной политике.  

Финансовые показатели остаются здоровыми, ROE стабилен, а дивидендная доходность привлекательна для долгосрочных инвесторов. Не вижу оснований ни для покупки дополнительных позиций сейчас, ни для продажи — текущая позиция обоснована.
2025-09-08 15:30:19,549 INFO ✅ Buffett решает:: HOLD SBER (уверенность: 8/10)
2025-09-08 15:30:19,549 INFO 💭 Trump: анализирует SBER...
2025-09-08 15:30:51,703 INFO HTTP Request: POST https://foundation-models.api.cloud.ru/v1/chat/completions "HTTP/1.1 200 OK"
2025-09-08 15:30:51,706 INFO 📝 Trump говорит::    ДЕЙСТВИЕ: ДЕРЖАТЬ  
УВЕРЕННОСТЬ: 7  

ОБОСНОВАНИЕ:  
Сбер — это крупнейший банк страны, сильный бренд, доминирующая рыночная позиция. Рост прибыли на 15% демонстрирует устойчивость бизнеса даже в сложной макроэкономической среде. Однако высокая ключевая ставка (16%) давит на экономику, снижает доступность кредитов и может ограничить дальнейший рост активов.  

Геополитические риски и санкции остаются ключевыми минусами — экспорт капитала ограничен, международное доверие низкое. Тем не менее, для внутреннего игрока Сбер остаётся одной из самых надёжных бумаг.  

При текущих условиях я бы не стал активно покупать, но и продавать нет смысла — держим как стабильную часть портфеля.
2025-09-08 15:30:51,707 INFO ✅ Trump решает:: HOLD SBER (уверенность: 7/10)
2025-09-08 15:30:51,707 INFO 💭 Dalio: анализирует SBER...
2025-09-08 15:31:14,433 INFO HTTP Request: POST https://foundation-models.api.cloud.ru/v1/chat/completions "HTTP/1.1 200 OK"
2025-09-08 15:31:14,436 INFO 📝 Dalio говорит::    **ДЕЙСТВИЕ:** ДЕРЖАТЬ  
**УВЕРЕННОСТЬ:** 7  

**ОБОСНОВАНИЕ:**  
Сбербанк — системообразующий актив российской финансовой системы, с сильной корреляцией к макроэкономическим и регуляторным факторам. Рост прибыли на 15% говорит о хорошем операционном исполнении, однако ключевые риски связаны с внешней средой:

1. **Ставковый цикл**: Повышение ключевой ставки ЦБ до 16% давит на спрос на кредиты и может замедлить рост кредитного портфеля. Это ограничивает потенциал доходности банков в краткосрочной перспективе.
2. **Макро риски**: Высокие ставки сигнализируют о продолжении жесткой денежно-кредитной политики, что негативно влияет на мультипликаторы банковского сектора.
3. **Валютный и санкционный риск**: Несмотря на устойчивость Сбера к внутренним шокам, внешние ограничения и волатильность рубля остаются ключевыми рисками.
4. **Дивидендная привлекательность**: Банк традиционно остается одним из крупнейших дивидендных эмитентов, что поддерживает интерес инвесторов в условиях высоких ставок.

**Вывод**: Фундаменталы Сбера остаются solid, но текущая макрообстановка не способствует активному накоплению позиции. Лучше держать имеющуюся позицию и дожидаться разворота ставкового цикла или более четких сигналов по улучшению макроусловий.
2025-09-08 15:31:14,437 INFO ✅ Dalio решает:: HOLD SBER (уверенность: 7/10)
2025-09-08 15:31:14,437 INFO : 
📈 ОБСУЖДЕНИЕ ТИКЕРА 4/6: SMLT
2025-09-08 15:31:14,437 INFO 💭 Buffett: анализирует SMLT...
2025-09-08 15:31:47,611 INFO HTTP Request: POST https://foundation-models.api.cloud.ru/v1/chat/completions "HTTP/1.1 200 OK"
2025-09-08 15:31:47,615 INFO 📝 Buffett говорит::    **ДЕЙСТВИЕ:** ДЕРЖАТЬ  
**УВЕРЕННОСТЬ:** 6  

**ОБОСНОВАНИЕ:**  
SMLT столкнулась с резким падением цены акций — с 4000 до 1000 рублей, что указывает на серьезные рыночные опасения или ухудшение фундаментальных показателей. Однако текущая цена заметно ниже вашей средней покупки (1100 руб.), что создает зону риска, но не автоматически сигнал к продаже.

Ключевые факторы:
- **Финансовая устойчивость**: Необходима проверка баланса, уровня долга и ликвидности. Если компания сохранила прочный баланс, падение может быть чрезмерным.
- **Отраслевые риски**: Снижение доступности ипотеки и рост ставок ЦБ давят на спрос в строительной отрасли. Это системный риск для всех девелоперов.
- **Управление и прозрачность**: Нужно понимать, связано ли падение с корпоративными проблемами или общерыночной паникой.
- **Дивидендная политика и перспективы**: Если компания продолжает генерировать现金流 и платить дивиденды, это поддерживает ценность акции.

**Вывод**: Продавать с паникой не стоит, особенно при небольших потерях. Но покупать дополнительные бумаги преждевременно — до прояснения причин падения и восстановления рыночного доверия. Лучше выждать стабилизации и изучить отчетность.
2025-09-08 15:31:47,617 INFO ✅ Buffett решает:: HOLD SMLT (уверенность: 6/10)
2025-09-08 15:31:47,617 INFO 💭 Trump: анализирует SMLT...
2025-09-08 15:32:06,857 INFO HTTP Request: POST https://foundation-models.api.cloud.ru/v1/chat/completions "HTTP/1.1 200 OK"
2025-09-08 15:32:06,860 INFO 📝 Trump говорит::    ДЕЙСТВИЕ: **ПРОДАТЬ**  
УВЕРЕННОСТЬ: **8**  
ОБОСНОВАНИЕ:  
Резкий обвал акций SMLT с 4000 до 1000 рублей — тревожный сигнал. Массовая распродажа бумаг инсайдерами или крупными инвесторами указывает на серьёзные проблемы внутри компании или отрасли. Компания явно зависит от ипотечной политики — после повышения ключевой ставки ЦБ спрос на жильё резко упал. Это негативно влияет на прибыльность и перспективы роста.  

Геополитические и санкционные риски в России остаются высокими, экспортных возможностей у девелоперов — минимум. Управление компанией, судя по реакции рынка, не внушает доверия.  

При текущей цене 1000 руб. и средней покупкой на уровне 1100 — есть небольшая «бумажная» просадка, но дальнейшее падение возможно. Лучше зафиксировать убытки и выйти из позиции.
2025-09-08 15:32:06,861 INFO ✅ Trump решает:: SELL SMLT (уверенность: 8/10)
2025-09-08 15:32:06,861 INFO 💭 Dalio: анализирует SMLT...
2025-09-08 15:32:29,777 INFO HTTP Request: POST https://foundation-models.api.cloud.ru/v1/chat/completions "HTTP/1.1 200 OK"
2025-09-08 15:32:29,780 INFO 📝 Dalio говорит::    ДЕЙСТВИЕ: **ПРОДАТЬ**  
УВЕРЕННОСТЬ: **8**  

**ОБОСНОВАНИЕ:**  
SMLT столкнулась с резким падением цены акций (с 4000 до 1000 руб.), что указывает на серьезные фундаментальные или рыночные проблемы. Массовая распродажа бумаг свидетельствует о потере доверия инвесторов. На фоне повышения ключевой ставки ЦБ и ужесточения ипотечных условий, спрос на недвижимость (основной бизнес SMLT) снижается, что негативно влияет на финансовые результаты.  

Компания зависит от льготной ипотеки — структурный риск, который усилился из-за макроэкономической политики. В текущих условиях роста ставок и ослабления покупательной способности населения, прибыльность сектора недвижимости остается под давлением.  

Учитывая высокую волатильность, корреляцию с_macro_факторами и отсутствие явных сигналов восстановления, разумная стратегия — минимизация убытков через выход из позиции.  

Текущая средняя цена покупки (1100 руб.) близка к рыночной, но риск дальнейшего падения выше потенциала роста в краткосрочной перспективе.
2025-09-08 15:32:29,781 INFO ✅ Dalio решает:: SELL SMLT (уверенность: 8/10)
2025-09-08 15:32:29,781 INFO : 
📈 ОБСУЖДЕНИЕ ТИКЕРА 5/6: GAZP
2025-09-08 15:32:29,781 INFO 💭 Buffett: анализирует GAZP...
2025-09-08 15:32:49,155 INFO HTTP Request: POST https://foundation-models.api.cloud.ru/v1/chat/completions "HTTP/1.1 200 OK"
2025-09-08 15:32:49,158 INFO 📝 Buffett говорит::    **ДЕЙСТВИЕ:** ДЕРЖАТЬ  
**УВЕРЕННОСТЬ:** 7  

**ОБОСНОВАНИЕ:**  
Газпром остается ключевым игроком в энергетическом секторе с устойчивой бизнес-моделью и значительными барьерами для входа. Расширение экспорта в Китай (плюс 10 млрд куб. м в 2024) частично компенсирует падение спроса из Европы, однако геополитические риски и регулирование цен на газ ограничивают upside.  

Финансовые показатели стабильны, дивиденды attractive при текущем P/E ниже исторического уровня. Однако недооценивать риски зависимости от внешней торговли нельзя — особенно в условиях изменяющейся глобальной энергетической политики.  

При текущей цене и вашей позиции (средняя 180.2 руб.), акции не выглядят явно недооцененными для усреднения, но и паниковать нет причин. Лучшая стратегия — наблюдать за развитием событий в азиатском направлении и держать позицию как часть долгосрочного портфеля.
2025-09-08 15:32:49,159 INFO ✅ Buffett решает:: HOLD GAZP (уверенность: 7/10)
2025-09-08 15:32:49,159 INFO 💭 Trump: анализирует GAZP...
2025-09-08 15:32:56,421 INFO HTTP Request: POST https://foundation-models.api.cloud.ru/v1/chat/completions "HTTP/1.1 200 OK"
2025-09-08 15:32:56,424 INFO 📝 Trump говорит::    ДЕЙСТВИЕ: ДЕРЖАТЬ  
УВЕРЕННОСТЬ: 7  

ОБОСНОВАНИЕ:  
Газпром — это классический пример сильного бренда и монополиста с огромными активами, что соответствует моим инвестиционным принципам. Однако текущая геополитическая ситуация и санкции создают значительные риски, особенно со стороны Запада. Рост экспорта в Китай частично компенсирует потери в Европе, но долгосрочные перспективы зависят от политической стабильности и возможных ограничений на энерговую торговлю. Валютные и санкционные риски остаются высокими, поэтому агрессивных действий (покупка/продажа) не рекомендую. Компания стабильна, но внешние факторы требуют осторожности.
2025-09-08 15:32:56,425 INFO ✅ Trump решает:: HOLD GAZP (уверенность: 7/10)
2025-09-08 15:32:56,425 INFO 💭 Dalio: анализирует GAZP...
2025-09-08 15:33:06,945 INFO HTTP Request: POST https://foundation-models.api.cloud.ru/v1/chat/completions "HTTP/1.1 200 OK"
2025-09-08 15:33:06,950 INFO 📝 Dalio говорит::    **ДЕЙСТВИЕ:** ДЕРЖАТЬ  
**УВЕРЕННОСТЬ:** 7  

**ОБОСНОВАНИЕ:**  
GAZP находится в структурном сдвиге — рост экспорта в Азию (особенно в Китай) частично компенсирует падение поставок в Европу. Однако ключевые риски остаются:  
- **Геополитическое давление** ограничивает доступ к западным рынкам и технологиям.  
- **Валютные риски**: несмотря на рост экспорта в юанях, слабость рубля увеличивает издержки при импорте оборудования.  
- **Регуляторные риски**: возможны изменения в налогообложении или распределении прибыли.  

С точки зрения цикличности, GAZP чувствителен к спросу на энергоресурсы и ценам на газ — это делает акцию defensive play в условиях высоких энергетических цен, но с ограниченным потолком роста из-за структурных ограничений.  

При текущем портфельном весе и средней цене 180.2 руб. — акция не требует срочных действий, но требует наблюдения за динамикой контрактов с Китаем и валютным курсом.
2025-09-08 15:33:06,951 INFO ✅ Dalio решает:: HOLD GAZP (уверенность: 7/10)
2025-09-08 15:33:06,952 INFO : 
📈 ОБСУЖДЕНИЕ ТИКЕРА 6/6: YDEX
2025-09-08 15:33:06,952 INFO 💭 Buffett: анализирует YDEX...
2025-09-08 15:33:16,287 INFO HTTP Request: POST https://foundation-models.api.cloud.ru/v1/chat/completions "HTTP/1.1 200 OK"
2025-09-08 15:33:16,290 INFO 📝 Buffett говорит::    ДЕЙСТВИЕ: **ДЕРЖАТЬ**  
УВЕРЕННОСТЬ: **7**

ОБОСНОВАНИЕ:  
Yandex (YDEX) — компания с сильной бизнес-моделью, доминирующей позицией в поиске и цифровых сервисах в России, высокой рентабельностью и значительными барьерами для входа. Инвестиции в ИИ свидетельствуют о стратегической направленности на будущее, что положительно.  

Однако существуют риски:  
— Возможное усиление регулирования со стороны государства, что может ограничить операционную гибкость.  
— Зависимость от внутреннего рынка, сложности с международной экспансией.  
— Макроэкономическая нестабильность и санкционные риски.  

Финансово компания остается прибыльной, генерирует стабильный free cash flow, имеет низкий уровень долга. Дивидендная политика умеренная, но потенциал роста есть.  

При текущей цене и учитывая неопределенность по регулированию, активных покупок не рекомендую. Позицию имеет смысл держать — бизнес качественный, но ждать более ясной картины по внешним рискам.
2025-09-08 15:33:16,291 INFO ✅ Buffett решает:: HOLD YDEX (уверенность: 7/10)
2025-09-08 15:33:16,291 INFO 💭 Trump: анализирует YDEX...
2025-09-08 15:35:13,225 INFO HTTP Request: POST https://foundation-models.api.cloud.ru/v1/chat/completions "HTTP/1.1 200 OK"
2025-09-08 15:35:13,228 INFO 📝 Trump говорит::    ДЕЙСТВИЕ: **ДЕРЖАТЬ**  
УВЕРЕННОСТЬ: **6**  
ОБОСНОВАНИЕ:  
Яндекс — сильный российский технологический бренд с доминирующей позицией на рынке поиска и цифровых сервисов. Инвестиции в ИИ (30 млрд руб.) демонстрируют стратегическую направленность на будущее и усиление конкурентных преимуществ. Однако риски усиления регулирования со стороны государства создают неопределенность, особенно в условиях санкционного давления и валютной волатильности. Экспортные перспективы ограничены из-за геополитической обстановки. При текущей цене и позиции имеет смысл держать, но активного наращивания не рекомендую — слишком много внешних рисков. Если появятся четкие признаки ослабления регулирования или расширения экспортного потенциала, можно будет пересмотреть в сторону покупки.
2025-09-08 15:35:13,228 INFO ✅ Trump решает:: HOLD YDEX (уверенность: 6/10)
2025-09-08 15:35:13,229 INFO 💭 Dalio: анализирует YDEX...
2025-09-08 15:35:24,182 INFO HTTP Request: POST https://foundation-models.api.cloud.ru/v1/chat/completions "HTTP/1.1 200 OK"
2025-09-08 15:35:24,185 INFO 📝 Dalio говорит::    ДЕЙСТВИЕ: **ДЕРЖАТЬ**  
УВЕРЕННОСТЬ: **6**

**ОБОСНОВАНИЕ:**  
YDEX — это высокотехнологичная компания с фокусом на ИИ, что соответствует долгосрочному тренду цифровизации и автоматизации. Инвестиции в ИИ (30 млрд руб.) усиливают её конкурентные позиции, особенно в условиях глобального роста спроса на AI-решения. Однако риски усиления регулирования в IT-секторе создают неопределённость относительно будущих доходов и маржинальности бизнеса.

С точки зрения макроэкономики, отрицательный фон формируют:
- Высокая волатильность рубля,
- Риски девальвации и ограничений на внешние связи IT-компаний,
- Возможное ужесточение контроля над капиталом и дивидендами.

Аллокация в портфеле умеренная (10 акций), что снижает концентрационные риски. Однако при текущей цене и средней покупки 4500 руб. — акция находится в зоне чувствительности к внешним факторам.

**Рекомендация "держать"** обусловлена балансом между технологическим потенциалом и существенными рыночными/регуляторными рисками. Для улучшения профиля риска можно рассмотреть частичную фиксацию прибыли при значительном росте или дополнительное хеджирование через инструменты валютного/секторального покрытия.
2025-09-08 15:35:24,186 INFO ✅ Dalio решает:: HOLD YDEX (уверенность: 6/10)
2025-09-08 15:35:24,186 INFO : 
🎯 СОВЕЩАНИЕ ЗАВЕРШЕНО
2025-09-08 15:35:24,186 INFO : 📋 Получено 18 мнений от агентов
2025-09-08 15:35:24,187 INFO 🔄 АГРЕГАЦИЯ РЕШЕНИЙ АГЕНТОВ
2025-09-08 15:35:24,187 INFO ----------------------------------------
2025-09-08 15:35:24,187 INFO ✅ Получено 18 мнений от агентов
2025-09-08 15:35:24,187 INFO 📊 Агрегировано 6 решений
2025-09-08 15:35:24,187 INFO 📋 NVTK: HOLD (уверенность: 7.3, консенсус: 1.0)
2025-09-08 15:35:24,187 INFO 📋 LKOH: HOLD (уверенность: 7.3, консенсус: 1.0)
2025-09-08 15:35:24,188 INFO 📋 SBER: HOLD (уверенность: 7.3, консенсус: 1.0)
2025-09-08 15:35:24,188 INFO 📋 SMLT: SELL (уверенность: 7.3, консенсус: 0.7)
2025-09-08 15:35:24,188 INFO 📋 GAZP: HOLD (уверенность: 7.0, консенсус: 1.0)
2025-09-08 15:35:24,188 INFO 📋 YDEX: HOLD (уверенность: 6.3, консенсус: 1.0)
2025-09-08 15:35:24,191 INFO Risk node
2025-09-08 15:35:24,191 INFO ⚠️ Риск-менеджер оценивает риски...
2025-09-08 15:35:39,952 INFO HTTP Request: POST https://foundation-models.api.cloud.ru/v1/chat/completions "HTTP/1.1 200 OK"
2025-09-08 15:37:25,830 INFO HTTP Request: POST https://foundation-models.api.cloud.ru/v1/chat/completions "HTTP/1.1 200 OK"
2025-09-08 15:37:41,601 INFO HTTP Request: POST https://foundation-models.api.cloud.ru/v1/chat/completions "HTTP/1.1 200 OK"
2025-09-08 15:38:05,867 INFO HTTP Request: POST https://foundation-models.api.cloud.ru/v1/chat/completions "HTTP/1.1 200 OK"
2025-09-08 15:38:39,458 INFO HTTP Request: POST https://foundation-models.api.cloud.ru/v1/chat/completions "HTTP/1.1 200 OK"
2025-09-08 15:38:58,397 INFO HTTP Request: POST https://foundation-models.api.cloud.ru/v1/chat/completions "HTTP/1.1 200 OK"
2025-09-08 15:38:58,400 INFO ✅ Оценены риски для 6 позиций
2025-09-08 15:38:58,400 INFO ⚠️ NVTK: уровень риска 7/10
2025-09-08 15:38:58,400 INFO ⚠️ LKOH: уровень риска 7/10
2025-09-08 15:38:58,400 INFO ⚠️ SBER: уровень риска 5/10
2025-09-08 15:38:58,401 INFO ⚠️ SMLT: уровень риска 5/10
2025-09-08 15:38:58,401 INFO ⚠️ GAZP: уровень риска 8/10
2025-09-08 15:38:58,401 INFO ⚠️ YDEX: уровень риска 8/10
2025-09-08 15:38:58,403 INFO Finalizer node
2025-09-08 15:38:58,403 INFO 📋 Формирование итоговых рекомендаций...
2025-09-08 15:39:13,553 INFO HTTP Request: POST https://foundation-models.api.cloud.ru/v1/chat/completions "HTTP/1.1 200 OK"
2025-09-08 15:39:13,556 INFO ✅ Итоговые рекомендации сформированы
2025-09-08 15:39:13,570 INFO Bot: ### 📊 **ИТОГОВЫЕ РЕКОМЕНДАЦИИ ПО УПРАВЛЕНИЮ ПОРТФЕЛЕМ**

---

## 🔍 **1. Что купить и в каком объеме**

| Акция | Причина покупки | Объем | Комментарий |
|-------|------------------|--------|-------------|
| **SBER** | Средний риск, стабильная дивидендная политика, лидер банковского сектора РФ | Увеличить до 150 шт. | Добавить 50 акций для усиления доли надежных активов |
| **GAZP** | Базовый актив энергосектора, несмотря на высокий риск — потенциально недооценена | Сохранить текущую позицию | Не увеличивать объем из-за высокой волатильности |

> **Обоснование**:  
> - SBER — наиболее ликвидная и стабильная бумага в портфеле. Умеренный риск + высокая дивидендная отдача делают её привлекательной для умеренного роста позиции.  
> - GAZP имеет высокий риск, но сохраняет вес в портфеле как часть балансировки между секторами.

---

## 💸 **2. Что продать**

| Акция | Причина продажи | Объем | Комментарий |
|-------|------------------|--------|-------------|
| **SMLT** | Низкий консенсус агентов (SELL), средний риск, слабый рост | Полностью выйти | Продать все 10 акций |

> **Обоснование**:  
> - Агенты дают сигнал к продаже (консенсус 0.7).  
> - Высокая вероятность снижения стоимости или замедления роста.  
> - Освобождение капитала позволит перераспределить его в более надежные или перспективные активы.

---

## 🛡️ **3. Что держать**

| Акция | Причина у
2025-09-08 15:40:52,431 INFO 📨 Получено сообщение: давай бэктест за 3 дня
2025-09-08 15:40:52,432 INFO 🤖 Обработка сообщения: давай бэктест за 3 дня
2025-09-08 15:40:52,450 INFO Router node
2025-09-08 15:40:52,450 INFO Checking user and news data in router
2025-09-08 15:40:52,451 INFO User data node
2025-09-08 15:40:52,451 INFO User data loaded
2025-09-08 15:40:52,452 INFO Router node
2025-09-08 15:40:52,452 INFO Checking user and news data in router
2025-09-08 15:40:52,452 INFO News data node
2025-09-08 15:40:52,453 INFO News data loaded
2025-09-08 15:40:52,453 INFO Router node
2025-09-08 15:40:52,453 INFO Checking user and news data in router
2025-09-08 15:40:52,905 INFO HTTP Request: POST https://foundation-models.api.cloud.ru/v1/chat/completions "HTTP/1.1 200 OK"
2025-09-08 15:40:52,907 INFO Router detected category: backtest
2025-09-08 15:40:52,911 ERROR Ошибка в backtest_node: 'SimpleGraph' object has no attribute '_infer_backtest_days'
2025-09-08 15:40:52,914 INFO Bot: Не удалось выполнить бэктест.
2025-09-08 15:41:53,395 INFO Получен сигнал завершения...
2025-09-08 15:41:53,395 INFO Завершение работы...
2025-09-08 15:41:53,452 ERROR Task was destroyed but it is pending!
task: <Task pending name='Task-100' coro=<WebSocketHandler.broadcast_log() running at /Users/ivan/Desktop/prog/python/ai-hedge-fund/ui/server/handlers.py:91> cb=[_chain_future.<locals>._call_set_state() at /Library/Frameworks/Python.framework/Versions/3.12/lib/python3.12/asyncio/futures.py:396]>
2025-09-08 15:43:14,308 INFO 🚀 Мультиагентная система анализа акций запущена
2025-09-08 15:43:14,308 INFO 📱 Откройте http://localhost:8080 в браузере
2025-09-08 15:43:14,308 INFO System: 🤖 Система готова к работе! Задайте вопрос о вашем портфеле.
2025-09-08 15:43:25,509 INFO ::1 [08/Sep/2025:15:43:25 +0300] "GET / HTTP/1.1" 304 179 "-" "Mozilla/5.0 (Macintosh; Intel Mac OS X 10_15_7) AppleWebKit/537.36 (KHTML, like Gecko) Chrome/139.0.0.0 Safari/537.36"
2025-09-08 15:43:27,894 INFO 📨 Получено сообщение: давай бэктест за 3 дня
2025-09-08 15:43:27,895 INFO 🤖 Обработка сообщения: давай бэктест за 3 дня
2025-09-08 15:43:27,902 INFO Router node
2025-09-08 15:43:27,902 INFO Checking user and news data in router
2025-09-08 15:43:27,903 INFO User data node
2025-09-08 15:43:27,904 INFO User data loaded
2025-09-08 15:43:27,904 INFO Router node
2025-09-08 15:43:27,905 INFO Checking user and news data in router
2025-09-08 15:43:27,905 INFO News data node
2025-09-08 15:43:27,906 INFO News data loaded
2025-09-08 15:43:27,906 INFO Router node
2025-09-08 15:43:27,906 INFO Checking user and news data in router
2025-09-08 15:43:30,876 INFO HTTP Request: POST https://foundation-models.api.cloud.ru/v1/chat/completions "HTTP/1.1 200 OK"
2025-09-08 15:43:30,884 INFO Router detected category: backtest
2025-09-08 15:43:31,389 INFO HTTP Request: POST https://foundation-models.api.cloud.ru/v1/chat/completions "HTTP/1.1 200 OK"
2025-09-08 15:43:31,392 INFO Запускаем бэктест
2025-09-08 15:43:31,393 INFO 🚀 Запуск бэктеста с 2025-09-05 по 2025-09-08 (3 дней)
2025-09-08 15:43:31,393 INFO 📊 Анализируем 6 тикеров: SBER, GAZP, LKOH, NVTK, YDEX, SMLT
2025-09-08 15:43:32,235 INFO 📅 Обрабатываем день: 2025-09-05
2025-09-08 15:43:32,235 INFO Получаем решения агентов для 2025-09-05
2025-09-08 15:43:32,235 INFO 🤖 Агенты обсуждают портфель на 2025-09-05
2025-09-08 15:43:32,235 INFO : 
🏛️ НАЧИНАЕТСЯ СОВЕЩАНИЕ ИНВЕСТИЦИОННОГО КОМИТЕТА
2025-09-08 15:43:32,236 INFO : 📊 Анализируем 6 тикеров: GAZP, LKOH, NVTK, SBER, SMLT, YDEX
2025-09-08 15:43:32,236 INFO : 👥 Участники: Buffett, Trump, Dalio
2025-09-08 15:43:32,236 INFO : 
📈 ОБСУЖДЕНИЕ ТИКЕРА 1/6: SBER
2025-09-08 15:43:32,236 INFO 💭 Buffett: анализирует SBER...
